-- MySQL dump 10.13  Distrib 9.4.0, for macos15.4 (arm64)
--
-- Host: 127.0.0.1    Database: ai_travel_buddy
-- ------------------------------------------------------
-- Server version	9.0.1

/*!40101 SET @OLD_CHARACTER_SET_CLIENT=@@CHARACTER_SET_CLIENT */;
/*!40101 SET @OLD_CHARACTER_SET_RESULTS=@@CHARACTER_SET_RESULTS */;
/*!40101 SET @OLD_COLLATION_CONNECTION=@@COLLATION_CONNECTION */;
/*!50503 SET NAMES utf8mb4 */;
/*!40103 SET @OLD_TIME_ZONE=@@TIME_ZONE */;
/*!40103 SET TIME_ZONE='+00:00' */;
/*!40014 SET @OLD_UNIQUE_CHECKS=@@UNIQUE_CHECKS, UNIQUE_CHECKS=0 */;
/*!40014 SET @OLD_FOREIGN_KEY_CHECKS=@@FOREIGN_KEY_CHECKS, FOREIGN_KEY_CHECKS=0 */;
/*!40101 SET @OLD_SQL_MODE=@@SQL_MODE, SQL_MODE='NO_AUTO_VALUE_ON_ZERO' */;
/*!40111 SET @OLD_SQL_NOTES=@@SQL_NOTES, SQL_NOTES=0 */;

--
-- Table structure for table `destination_events`
--

DROP TABLE IF EXISTS `destination_events`;
/*!40101 SET @saved_cs_client     = @@character_set_client */;
/*!50503 SET character_set_client = utf8mb4 */;
CREATE TABLE `destination_events` (
  `id` bigint NOT NULL AUTO_INCREMENT,
  `destination_id` bigint NOT NULL,
  `event_name` varchar(200) NOT NULL,
  `event_type` varchar(100) DEFAULT NULL,
  `description` text,
  `start_date` date DEFAULT NULL,
  `end_date` date DEFAULT NULL,
  `venue` varchar(200) DEFAULT NULL,
  `estimated_cost_pkr` int DEFAULT NULL,
  `created_at` timestamp NULL DEFAULT CURRENT_TIMESTAMP,
  PRIMARY KEY (`id`),
  KEY `idx_events_destination_id` (`destination_id`),
  CONSTRAINT `fk_events_destination` FOREIGN KEY (`destination_id`) REFERENCES `destinations` (`id`) ON DELETE CASCADE
) ENGINE=InnoDB DEFAULT CHARSET=utf8mb4 COLLATE=utf8mb4_0900_ai_ci;
/*!40101 SET character_set_client = @saved_cs_client */;

--
-- Dumping data for table `destination_events`
--

LOCK TABLES `destination_events` WRITE;
/*!40000 ALTER TABLE `destination_events` DISABLE KEYS */;
/*!40000 ALTER TABLE `destination_events` ENABLE KEYS */;
UNLOCK TABLES;

--
-- Table structure for table `destinations`
--

DROP TABLE IF EXISTS `destinations`;
/*!40101 SET @saved_cs_client     = @@character_set_client */;
/*!50503 SET character_set_client = utf8mb4 */;
CREATE TABLE `destinations` (
  `id` bigint NOT NULL AUTO_INCREMENT,
  `name` varchar(150) NOT NULL,
  `country` varchar(100) DEFAULT 'Pakistan',
  `region` varchar(100) NOT NULL,
  `category` varchar(50) NOT NULL,
  `description` text,
  `avg_cost_pkr` int NOT NULL,
  `best_season` varchar(50) DEFAULT NULL,
  `climate` varchar(100) DEFAULT NULL,
  `safety_rating` decimal(2,1) DEFAULT '4.0',
  `rating` decimal(2,1) DEFAULT '4.0',
  `popularity_score` decimal(5,2) DEFAULT '0.00',
  `latitude` decimal(10,7) NOT NULL,
  `longitude` decimal(10,7) NOT NULL,
  `is_active` tinyint(1) DEFAULT '1',
  `created_at` timestamp NULL DEFAULT CURRENT_TIMESTAMP,
  `updated_at` timestamp NULL DEFAULT CURRENT_TIMESTAMP ON UPDATE CURRENT_TIMESTAMP,
  `image_url` varchar(1000) CHARACTER SET utf8mb4 COLLATE utf8mb4_0900_ai_ci DEFAULT NULL,
  PRIMARY KEY (`id`),
  UNIQUE KEY `name` (`name`),
  KEY `idx_destinations_region` (`region`),
  KEY `idx_destinations_category` (`category`),
  KEY `idx_destinations_rating` (`rating`),
  CONSTRAINT `chk_dest_avg_cost` CHECK ((`avg_cost_pkr` >= 0)),
  CONSTRAINT `chk_dest_rating` CHECK ((`rating` between 0 and 5)),
  CONSTRAINT `chk_dest_safety_rating` CHECK ((`safety_rating` between 0 and 5))
) ENGINE=InnoDB AUTO_INCREMENT=52 DEFAULT CHARSET=utf8mb4 COLLATE=utf8mb4_0900_ai_ci;
/*!40101 SET character_set_client = @saved_cs_client */;

--
-- Dumping data for table `destinations`
--

LOCK TABLES `destinations` WRITE;
/*!40000 ALTER TABLE `destinations` DISABLE KEYS */;
INSERT INTO `destinations` VALUES (1,'Hunza Valley','Pakistan','Gilgit-Baltistan','mountain',NULL,30000,'May,Sep',NULL,4.0,4.9,0.00,30.0000000,70.0000000,1,'2026-04-25 02:35:28','2026-04-25 04:03:40','https://i.redd.it/5sbobxg1gpoc1.jpeg'),(2,'Skardu','Pakistan','Gilgit-Baltistan','mountain',NULL,28000,'May,Sep',NULL,4.0,4.8,0.00,35.2871326,75.6553123,1,'2026-04-25 02:35:28','2026-04-25 04:03:40','https://thumbs.dreamstime.com/b/beautiful-view-blossom-shangrilla-lower-kachura-lake-mountains-background-skardu-gilgit-baltistan-pakistan-198085871.jpg'),(3,'Naran','Pakistan','KPK','mountain',NULL,20000,'Jun,Sep',NULL,4.0,4.7,0.00,24.8212548,69.8325826,1,'2026-04-25 02:35:28','2026-04-25 04:03:40','https://images.saymedia-content.com/.image/t_share/MTk1MDk3MDY1NjcwNzgwMTAz/visit-to-naran-kaghan-kpk-pakistan.jpg'),(4,'Kaghan Valley','Pakistan','KPK','mountain',NULL,20000,'Jun,Sep',NULL,4.0,4.7,0.00,34.5416700,73.3500000,1,'2026-04-25 02:35:28','2026-04-25 04:03:40','https://4.bp.blogspot.com/-LhR6ExDB4mQ/U61cg1gWHzI/AAAAAAAAC4s/jOtIO-wa0ZQ/s1600/271-+Kaghan+Valley,+Mansehra,+Hazara-KPK,+Pakistan.jpg'),(5,'Fairy Meadows','Pakistan','GB','adventure',NULL,35000,'Jun,Sep',NULL,4.0,4.9,0.00,35.3872034,74.5789292,1,'2026-04-25 02:35:28','2026-04-25 04:03:40','https://realpakistan.com.pk/wp-content/uploads/2025/02/Fairy-Meadows.jpg'),(6,'Deosai Plains','Pakistan','GB','nature',NULL,32000,'Jul,Sep',NULL,4.0,4.8,0.00,35.0137600,75.4742200,1,'2026-04-25 02:35:28','2026-04-25 19:43:02','https://upload.wikimedia.org/wikipedia/commons/7/7b/Deosai_pic_hd.jpg'),(7,'Shogran','Pakistan','KPK','hill',NULL,18000,'May,Sep',NULL,4.0,4.6,0.00,34.6409377,73.4639560,1,'2026-04-25 02:35:28','2026-04-25 04:03:40','https://i.pinimg.com/originals/48/78/6e/48786e70cef3c24212dd2c8f6a716c27.jpg'),(8,'Siri Paye','Pakistan','KPK','nature',NULL,18000,'May,Sep',NULL,4.0,4.7,0.00,33.7176107,73.0849384,1,'2026-04-25 02:35:28','2026-04-25 04:03:40','https://thumbs.dreamstime.com/b/siri-paye-meadows-kaghan-valley-kpk-pakistan-220508362.jpg'),(9,'Swat Valley','Pakistan','KPK','valley',NULL,22000,'Apr,Oct',NULL,4.0,4.7,0.00,30.0000000,70.0000000,1,'2026-04-25 02:35:28','2026-04-25 04:03:40','http://4.bp.blogspot.com/-1unazrzD8rU/Uus3olMQEhI/AAAAAAAAA9w/e_fRc0q8j2U/s1600/55-Swat+Valley-KPK,+Pakistan.jpg'),(10,'Kalam','Pakistan','KPK','mountain',NULL,22000,'May,Sep',NULL,4.0,4.8,0.00,35.4861081,72.5845788,1,'2026-04-25 02:35:28','2026-04-25 04:03:40','https://1.bp.blogspot.com/-yzs8WTN9MJA/U6klReVL_0I/AAAAAAAACzw/0DlAtg-_ms4/s1600/259-Kalam%2C+Swat-KPK%2C+Pakistan.jpg'),(11,'Gwadar','Pakistan','Balochistan','beach',NULL,25000,'Nov,Mar',NULL,4.0,4.5,0.00,25.1479816,62.3254553,1,'2026-04-25 02:35:28','2026-04-25 04:03:40','https://c8.alamy.com/comp/3AP5X4C/aerial-view-of-coastal-cityscape-with-ocean-and-peninsula-in-gwadar-balochistan-pakistan-paddi-zirr-gulf-3AP5X4C.jpg'),(12,'Ormara','Pakistan','Balochistan','beach',NULL,22000,'Nov,Mar',NULL,4.0,4.4,0.00,25.2105634,64.6374914,1,'2026-04-25 02:35:28','2026-04-25 04:03:40','https://clickpakistan.org/wp-content/uploads/2021/11/ormara-beach.jpg'),(13,'Kund Malir','Pakistan','Balochistan','beach',NULL,20000,'Nov,Mar',NULL,4.0,4.6,0.00,25.3963869,65.4644530,1,'2026-04-25 02:35:28','2026-04-25 04:03:40','https://www.kwsc.pk/wp-content/uploads/2018/10/kund-malir-beach.jpg'),(14,'Clifton Beach','Pakistan','Karachi','beach',NULL,10000,'Nov,Feb',NULL,4.0,4.2,0.00,24.8086387,67.0107047,1,'2026-04-25 02:35:28','2026-04-25 04:03:40','https://i.pinimg.com/originals/91/9c/3b/919c3b6520bcf107841cf71891a5ec1a.jpg'),(15,'French Beach','Pakistan','Karachi','beach',NULL,15000,'Nov,Mar',NULL,4.0,4.5,0.00,24.8430233,66.8132225,1,'2026-04-25 02:35:28','2026-04-25 04:03:40','https://dynamic-media-cdn.tripadvisor.com/media/photo-o/1b/8f/e4/cc/french-beach.jpg?w=1200&h=1200&s=1'),(16,'Islamabad','Pakistan','Capital','city',NULL,15000,'Oct,Apr',NULL,4.0,4.6,0.00,33.6938118,73.0651511,1,'2026-04-25 02:35:28','2026-04-25 04:03:40','https://as1.ftcdn.net/v2/jpg/02/74/50/28/1000_F_274502877_n3BQGoAGPRqsjgKIU4lB6wns0mBuPTL3.jpg'),(17,'Lahore','Pakistan','Punjab','city',NULL,15000,'Nov,Feb',NULL,4.0,4.7,0.00,31.5656822,74.3141829,1,'2026-04-25 02:35:28','2026-04-25 04:03:40','https://thumbs.dreamstime.com/z/lahore-fort-punjab-pakistan-alemgiri-gate-which-unesco-world-heritage-site-situated-walled-city-99917947.jpg'),(18,'Karachi','Pakistan','Sindh','city',NULL,14000,'Nov,Feb',NULL,4.0,4.4,0.00,24.8546842,67.0207055,1,'2026-04-25 02:35:28','2026-04-25 04:03:40','https://4.bp.blogspot.com/-V87vuZYQYTw/V3XU0cBr4aI/AAAAAAAABls/Lay-4hvwLhkdv7qRag_j47jwM83E9iLcQCLcB/s1600/3+karachi+2.jpg'),(19,'Peshawar','Pakistan','KPK','city',NULL,13000,'Oct,Mar',NULL,4.0,4.3,0.00,34.0123846,71.5787458,1,'2026-04-25 02:35:28','2026-04-25 04:03:40','https://www.shutterstock.com/shutterstock/photos/1459768916/display_1500/stock-photo-peshawar-landmark-khyber-pakhtunkhwa-pakistan-1459768916.jpg'),(20,'Quetta','Pakistan','Balochistan','city',NULL,16000,'Mar,Oct',NULL,4.0,4.4,0.00,30.1916268,67.0007561,1,'2026-04-25 02:35:28','2026-04-25 04:03:40','https://i.pinimg.com/originals/b3/29/b5/b329b529db847ee4ac65a8a8dad3ecce.jpg'),(21,'Taxila','Pakistan','Punjab','historical',NULL,12000,'Oct,Mar',NULL,4.0,4.5,0.00,33.7422793,72.8145203,1,'2026-04-25 02:35:28','2026-04-25 04:03:40','http://historypak.com/wp-content/uploads/2014/03/taxila.jpg'),(22,'Mohenjo-daro','Pakistan','Sindh','historical',NULL,18000,'Nov,Feb',NULL,4.0,4.6,0.00,27.3253251,68.1349412,1,'2026-04-25 02:35:28','2026-04-25 04:03:40','https://cdn.britannica.com/65/160265-050-4A119CEC/Remains-tower-Mohenjo-daro-province-Pakistan-Sindh.jpg'),(23,'Harappa','Pakistan','Punjab','historical',NULL,14000,'Oct,Mar',NULL,4.0,4.4,0.00,30.5945898,72.9111742,1,'2026-04-25 02:35:28','2026-04-25 19:39:06','https://miro.medium.com/1*uUphE-5CENnedhaPg_MAYQ.jpeg'),(24,'Rohtas Fort','Pakistan','Punjab','historical',NULL,12000,'Oct,Mar',NULL,4.0,4.5,0.00,32.9650687,73.5761559,1,'2026-04-25 02:35:28','2026-04-25 04:03:40','https://blogger.googleusercontent.com/img/b/R29vZ2xl/AVvXsEhPzTmutakJ5nficfgjYH4CYFFWdIbvSgADZLSbMxPeMdaUgdgm7Um_Cbrc1FVIYQLf0oQnIjcVrNtdt3dQ4kh_XhOdUXnei45hOeSbC-GUGLtu18YDFEM7lW-D2gJJtyRm80Of-jqFSc3EkSsEIFPdeMjgnaHGboH_elJmoGHn18wkXMVWe8wTLGr2HS8/s1200/Rohtas_Fort_Jhelum_Punjab.jpg'),(25,'Badshahi Mosque','Pakistan','Lahore','cultural',NULL,12000,'Nov,Feb',NULL,4.0,4.9,0.00,31.5881260,74.3093528,1,'2026-04-25 02:35:28','2026-04-25 04:03:40','https://2.bp.blogspot.com/-NL02ptqZGoc/V5xP2Zz3FbI/AAAAAAAACbE/gcCnnXnqdZYc6Rz1RuUS4qT5KiX68_ayQCLcB/s1600/badshahi+masjid+6.jpg'),(26,'Saif-ul-Malook','Pakistan','KPK','lake',NULL,22000,'Jun,Sep',NULL,4.0,4.9,0.00,32.1086337,72.7300170,1,'2026-04-25 02:35:28','2026-04-25 04:03:40','http://images.fineartamerica.com/images-medium-large/lake-saif-ul-malook-asmar-hussain.jpg'),(27,'Attabad Lake','Pakistan','GB','lake',NULL,30000,'May,Sep',NULL,4.0,4.8,0.00,36.3460111,74.8654715,1,'2026-04-25 02:35:28','2026-04-25 04:03:40','https://www.gulmitcontinentalhotel.com/wp-content/uploads/2022/05/Attabad-Lake-Gojal-Valley-Pakistan.jpg'),(28,'Ratti Gali Lake','Pakistan','AJK','lake',NULL,25000,'Jun,Sep',NULL,4.0,4.8,0.00,34.8295963,74.0619781,1,'2026-04-25 02:35:28','2026-04-25 04:03:40','http://www.paktravelism.com/gallery/Lakes/2012/10/26/1349_qphmn.jpg'),(29,'Neelum Valley','Pakistan','AJK','valley',NULL,23000,'Apr,Oct',NULL,4.0,4.8,0.00,34.5843086,73.8981238,1,'2026-04-25 02:35:28','2026-04-25 04:03:40','https://4.bp.blogspot.com/-_9qoEc-wDaQ/U5lU6UENpKI/AAAAAAAACfs/IRHZ3bsEng4/s1600/228-Jagran+%2CNeelum+Valley-AJK%2C+Pakistan..jpg'),(30,'Arang Kel','Pakistan','AJK','mountain',NULL,26000,'May,Sep',NULL,4.0,4.9,0.00,34.8098403,74.3497787,1,'2026-04-25 02:35:28','2026-04-25 04:03:40','https://www.pakistanhc.lk/wp-content/uploads/2018/11/16487392183_705815274f_k-e1542188621179.jpg'),(31,'Chaman','Pakistan','Balochistan','nature',NULL,18000,'Mar,Oct',NULL,4.0,4.3,0.00,30.9249448,66.4405297,1,'2026-04-25 02:35:28','2026-04-25 04:03:40','https://live.staticflickr.com/4186/34617593596_ac5d811124_b.jpg'),(32,'Ziarat','Pakistan','Balochistan','hill',NULL,20000,'Apr,Oct',NULL,4.0,4.6,0.00,30.3827026,67.7252266,1,'2026-04-25 02:35:28','2026-04-25 04:03:40','https://www.balochistanvoices.com/wp-content/uploads/2018/12/Ziarat2.jpg'),(33,'Hingol National Park','Pakistan','Balochistan','adventure',NULL,22000,'Nov,Mar',NULL,4.0,4.7,0.00,25.4474066,65.5442693,1,'2026-04-25 02:35:28','2026-04-25 04:03:40','https://img.freepik.com/premium-photo/aerial-view-hingol-national-park-balochistan-pakistan_983981-163.jpg?w=2000'),(34,'Makran Coastal Highway','Pakistan','Balochistan','scenic',NULL,20000,'Nov,Mar',NULL,4.0,4.8,0.00,25.3885419,65.4263183,1,'2026-04-25 02:35:28','2026-04-25 04:03:40','https://c8.alamy.com/comp/2H1525J/makran-coastal-highway-along-pakistans-arabian-sea-coast-from-karachi-to-gwadar-in-balochistan-province-selective-focus-2H1525J.jpg'),(35,'Passu Cones','Pakistan','GB','mountain',NULL,30000,'May,Sep',NULL,4.0,4.9,0.00,36.4925712,74.8807304,1,'2026-04-25 02:35:28','2026-04-25 04:03:40','https://thumbs.dreamstime.com/b/famous-passu-cones-karakoram-highway-northern-pakistan-passu-cones-also-known-as-cathedral-ridge-as-viewed-karakoram-122627062.jpg'),(36,'Faisal Mosque','Pakistan','Islamabad','cultural',NULL,10000,'Oct,Apr',NULL,4.0,4.9,0.00,33.7299853,73.0373419,1,'2026-04-25 02:35:28','2026-04-25 04:03:40','https://www.goodfreephotos.com/albums/pakistan/islamabad/shah-faisal-masjid-in-islamabad-pakistan.jpg'),(37,'Data Darbar','Pakistan','Lahore','religious',NULL,10000,'Nov,Feb',NULL,4.0,4.6,0.00,31.5789316,74.3037186,1,'2026-04-25 02:35:28','2026-04-25 04:03:40','https://images.indianexpress.com/2019/05/data-darbar.jpg?resize=728'),(38,'Shah Jahan Mosque','Pakistan','Thatta','historical',NULL,15000,'Nov,Feb',NULL,4.0,4.5,0.00,30.0000000,70.0000000,1,'2026-04-25 02:35:28','2026-04-25 04:03:40','https://c8.alamy.com/comp/2WF5CE0/shah-jahan-mosque-in-thatta-pakistan-beautiful-exterior-walls-of-buiding-local-landmark-2WF5CE0.jpg'),(39,'Katas Raj Temples','Pakistan','Punjab','historical',NULL,13000,'Oct,Mar',NULL,4.0,4.4,0.00,32.7238923,72.9516674,1,'2026-04-25 02:35:28','2026-04-25 04:03:40','https://hinduvism.com/wp-content/uploads/2025/03/Katas-Raj-Temples-Chakwal-Punjab-1068x601.jpg'),(40,'Kartarpur Corridor','Pakistan','Punjab','religious',NULL,12000,'Oct,Mar',NULL,4.0,4.7,0.00,32.0489731,75.0256889,1,'2026-04-25 02:35:28','2026-04-25 19:41:59','https://static.dw.com/image/51166846_605.jpg'),(41,'Murree','Pakistan','Punjab','hill',NULL,18000,'Apr,Sep',NULL,4.0,4.3,0.00,33.9056829,73.3926740,1,'2026-04-25 02:35:28','2026-04-25 04:03:40','https://2.bp.blogspot.com/-ronIWiAtneo/W-xyqu_whzI/AAAAAAAAAR4/zALEIsji88oYnnekwM8j2cRK2A9XdVbcQCLcBGAs/s1600/IMG_20181115_000528.jpg'),(42,'Nathia Gali','Pakistan','KPK','hill',NULL,20000,'May,Sep',NULL,4.0,4.7,0.00,34.0683118,73.3927263,1,'2026-04-25 02:35:28','2026-04-25 04:03:40','https://preview.redd.it/wn06x3ngcbd61.jpg?auto=webp&s=bad0506d2190ed8b1f0da37b0d8cf0304509bdbe'),(43,'Ayubia','Pakistan','KPK','nature',NULL,19000,'May,Sep',NULL,4.0,4.6,0.00,33.9056829,73.3926740,1,'2026-04-25 02:35:28','2026-04-25 04:03:40','https://tripako.com/wp-content/uploads/2020/12/ayubia-1.jpg'),(44,'Toli Pir','Pakistan','AJK','hill',NULL,21000,'May,Sep',NULL,4.0,4.7,0.00,33.8951888,73.8810124,1,'2026-04-25 02:35:28','2026-04-25 19:40:41','https://prestinetravels.com/wp-content/uploads/2022/05/Ganga-choti-1-1.jpg'),(45,'Pir Sohawa','Pakistan','Islamabad','hill',NULL,12000,'Oct,Apr',NULL,4.0,4.5,0.00,33.7841437,73.1102145,1,'2026-04-25 02:35:28','2026-04-25 04:03:40','https://www.explorerpakistan.com/wp-content/uploads/2019/09/pir-sohawa-800x445.jpg'),(46,'Rawalakot','Pakistan','AJK','valley',NULL,20000,'Apr,Oct',NULL,4.0,4.6,0.00,33.8572284,73.7605747,1,'2026-04-25 02:35:28','2026-04-25 04:03:40','https://rising-pakistan.com/wp-content/uploads/2020/11/Rawalakot-AJK.jpg'),(47,'Khunjerab Pass','Pakistan','GB','mountain',NULL,35000,'May,Sep',NULL,4.0,4.9,0.00,36.8500993,75.4283363,1,'2026-04-25 02:35:28','2026-04-25 04:03:40','https://www.travelertrails.com/wp-content/uploads/2022/10/Khunjerab-Pass.jpg'),(48,'Chitral','Pakistan','KPK','valley',NULL,28000,'May,Sep',NULL,4.0,4.7,0.00,35.8508890,71.7901897,1,'2026-04-25 02:35:28','2026-04-25 04:03:40','https://www.travelmypakistan.com/wp-content/uploads/2014/05/Chitral-Valley.jpg'),(49,'Kalash Valley','Pakistan','KPK','cultural',NULL,30000,'May,Sep',NULL,4.0,4.8,0.00,35.7017945,71.6871085,1,'2026-04-25 02:35:28','2026-04-25 04:03:40','https://www.getout.pk/pakistan/wp-content/uploads/2019/05/Kalash-Valley.jpg'),(50,'Gorakh Hill','Pakistan','Sindh','hill',NULL,22000,'Oct,Mar',NULL,4.0,4.5,0.00,26.8611674,67.1511368,1,'2026-04-25 02:35:28','2026-04-25 04:03:40','https://i.ytimg.com/vi/Yh5aJ1-b0HQ/maxresdefault.jpg'),(51,'Mianwali','Pakistan','Punjab','historic','City in Punjab',20000,'Oct - Feb','Hot',4.0,4.0,0.00,32.5839000,71.5370000,1,'2026-04-25 19:34:49','2026-04-25 19:37:08','https://i.ytimg.com/vi/sS7F4RkejDw/maxresdefault.jpg');
/*!40000 ALTER TABLE `destinations` ENABLE KEYS */;
UNLOCK TABLES;

--
-- Table structure for table `favorite_destinations`
--

DROP TABLE IF EXISTS `favorite_destinations`;
/*!40101 SET @saved_cs_client     = @@character_set_client */;
/*!50503 SET character_set_client = utf8mb4 */;
CREATE TABLE `favorite_destinations` (
  `user_id` bigint NOT NULL,
  `destination_id` bigint NOT NULL,
  `added_at` timestamp NULL DEFAULT CURRENT_TIMESTAMP,
  PRIMARY KEY (`user_id`,`destination_id`),
  KEY `fk_favorites_destination` (`destination_id`),
  CONSTRAINT `fk_favorites_destination` FOREIGN KEY (`destination_id`) REFERENCES `destinations` (`id`) ON DELETE CASCADE,
  CONSTRAINT `fk_favorites_user` FOREIGN KEY (`user_id`) REFERENCES `users` (`id`) ON DELETE CASCADE
) ENGINE=InnoDB DEFAULT CHARSET=utf8mb4 COLLATE=utf8mb4_0900_ai_ci;
/*!40101 SET character_set_client = @saved_cs_client */;

--
-- Dumping data for table `favorite_destinations`
--

LOCK TABLES `favorite_destinations` WRITE;
/*!40000 ALTER TABLE `favorite_destinations` DISABLE KEYS */;
/*!40000 ALTER TABLE `favorite_destinations` ENABLE KEYS */;
UNLOCK TABLES;

--
-- Table structure for table `itineraries`
--

DROP TABLE IF EXISTS `itineraries`;
/*!40101 SET @saved_cs_client     = @@character_set_client */;
/*!50503 SET character_set_client = utf8mb4 */;
CREATE TABLE `itineraries` (
  `id` bigint NOT NULL AUTO_INCREMENT,
  `trip_id` bigint NOT NULL,
  `day_number` int NOT NULL,
  `itinerary_date` date DEFAULT NULL,
  `estimated_day_cost_pkr` int DEFAULT '0',
  `notes` text,
  `created_at` timestamp NULL DEFAULT CURRENT_TIMESTAMP,
  PRIMARY KEY (`id`),
  UNIQUE KEY `uk_trip_day` (`trip_id`,`day_number`),
  KEY `idx_itineraries_trip_id` (`trip_id`),
  CONSTRAINT `fk_itineraries_trip` FOREIGN KEY (`trip_id`) REFERENCES `trips` (`id`) ON DELETE CASCADE
) ENGINE=InnoDB AUTO_INCREMENT=3 DEFAULT CHARSET=utf8mb4 COLLATE=utf8mb4_0900_ai_ci;
/*!40101 SET character_set_client = @saved_cs_client */;

--
-- Dumping data for table `itineraries`
--

LOCK TABLES `itineraries` WRITE;
/*!40000 ALTER TABLE `itineraries` DISABLE KEYS */;
INSERT INTO `itineraries` VALUES (1,1,1,NULL,18381,NULL,'2026-04-25 03:05:56'),(2,2,1,NULL,9455,NULL,'2026-04-25 03:09:47');
/*!40000 ALTER TABLE `itineraries` ENABLE KEYS */;
UNLOCK TABLES;

--
-- Table structure for table `itinerary_items`
--

DROP TABLE IF EXISTS `itinerary_items`;
/*!40101 SET @saved_cs_client     = @@character_set_client */;
/*!50503 SET character_set_client = utf8mb4 */;
CREATE TABLE `itinerary_items` (
  `id` bigint NOT NULL AUTO_INCREMENT,
  `itinerary_id` bigint NOT NULL,
  `place_id` bigint DEFAULT NULL,
  `item_type` varchar(50) NOT NULL,
  `title` varchar(200) NOT NULL,
  `description` text,
  `start_time` time DEFAULT NULL,
  `end_time` time DEFAULT NULL,
  `sequence_number` int NOT NULL,
  `estimated_cost_pkr` int DEFAULT '0',
  `latitude` decimal(10,7) DEFAULT NULL,
  `longitude` decimal(10,7) DEFAULT NULL,
  `status` varchar(20) DEFAULT 'planned',
  `created_at` timestamp NULL DEFAULT CURRENT_TIMESTAMP,
  PRIMARY KEY (`id`),
  UNIQUE KEY `uk_itinerary_sequence` (`itinerary_id`,`sequence_number`),
  KEY `fk_itinerary_items_place` (`place_id`),
  KEY `idx_itinerary_items_itinerary_id` (`itinerary_id`),
  CONSTRAINT `fk_itinerary_items_itinerary` FOREIGN KEY (`itinerary_id`) REFERENCES `itineraries` (`id`) ON DELETE CASCADE,
  CONSTRAINT `fk_itinerary_items_place` FOREIGN KEY (`place_id`) REFERENCES `places` (`id`) ON DELETE SET NULL,
  CONSTRAINT `chk_item_status` CHECK ((`status` in (_utf8mb4'planned',_utf8mb4'completed',_utf8mb4'skipped'))),
  CONSTRAINT `chk_item_type` CHECK ((`item_type` in (_utf8mb4'hotel',_utf8mb4'restaurant',_utf8mb4'attraction',_utf8mb4'transport')))
) ENGINE=InnoDB AUTO_INCREMENT=7 DEFAULT CHARSET=utf8mb4 COLLATE=utf8mb4_0900_ai_ci;
/*!40101 SET character_set_client = @saved_cs_client */;

--
-- Dumping data for table `itinerary_items`
--

LOCK TABLES `itinerary_items` WRITE;
/*!40000 ALTER TABLE `itinerary_items` DISABLE KEYS */;
INSERT INTO `itinerary_items` VALUES (1,1,49,'hotel','Kunhar Sarai Hotel Balakot','Start the day with a relaxing morning at Kunhar Sarai Hotel Balakot. Take in the beautiful mountain views and enjoy the hotel\'s amenities. Be sure to check out by 10:00 AM to make the most of your day.','08:00:00','10:00:00',1,14660,34.5170537,73.3477612,'planned','2026-04-25 03:05:56'),(2,1,NULL,'transport','Local Transport','Travel to Al Kuresh using local transport. The journey should take around 30 minutes and cost approximately 2000 PKR.','10:00:00','10:30:00',2,2000,NULL,NULL,'planned','2026-04-25 03:05:56'),(3,1,48,'restaurant','Al Kuresh','Have lunch at Al Kuresh, a local restaurant serving delicious food. Be sure to try some of the regional specialties and enjoy the mountain views. Lunch should take around 2 hours.','11:00:00','13:00:00',3,1721,34.5500458,73.3538511,'planned','2026-04-25 03:05:56'),(4,2,51,'hotel','Check-in at Country Club Resort','Begin the day by checking into the Country Club Resort. Spend some time freshening up and getting ready for the day ahead. The resort offers a serene atmosphere, perfect for a mountain getaway. Estimated cost is 5734 PKR.','08:00:00','09:00:00',1,5734,34.5417998,73.3504933,'planned','2026-04-25 03:09:47'),(5,2,NULL,'transport','Local Travel','Travel to Al Kuresh restaurant for lunch. The journey will take around 30 minutes to an hour, depending on traffic. Enjoy the scenic views of the valley during the trip. Estimated cost for local travel is 2000 PKR.','09:00:00','10:00:00',2,2000,NULL,NULL,'planned','2026-04-25 03:09:47'),(6,2,48,'restaurant','Lunch at Al Kuresh','Have lunch at Al Kuresh, a local restaurant serving a variety of dishes. Spend around an hour enjoying the meal and taking in the surroundings. The estimated cost for lunch is 1721 PKR.','10:00:00','11:00:00',3,1721,34.5500458,73.3538511,'planned','2026-04-25 03:09:47');
/*!40000 ALTER TABLE `itinerary_items` ENABLE KEYS */;
UNLOCK TABLES;

--
-- Table structure for table `places`
--

DROP TABLE IF EXISTS `places`;
/*!40101 SET @saved_cs_client     = @@character_set_client */;
/*!50503 SET character_set_client = utf8mb4 */;
CREATE TABLE `places` (
  `id` bigint NOT NULL AUTO_INCREMENT,
  `destination_id` bigint NOT NULL,
  `source_place` varchar(150) DEFAULT NULL,
  `name` varchar(200) NOT NULL,
  `category` varchar(150) NOT NULL,
  `main_type` varchar(50) NOT NULL,
  `sub_type` varchar(100) DEFAULT NULL,
  `description` text,
  `latitude` decimal(10,7) NOT NULL,
  `longitude` decimal(10,7) NOT NULL,
  `raw_category` text,
  `cost_pkr` int DEFAULT NULL,
  `rating` decimal(2,1) DEFAULT NULL,
  `price_level` int DEFAULT NULL,
  `contact_number` varchar(50) DEFAULT NULL,
  `website_url` text,
  `address` text,
  `source` varchar(50) DEFAULT 'geoapify',
  `is_active` tinyint(1) DEFAULT '1',
  `created_at` timestamp NULL DEFAULT CURRENT_TIMESTAMP,
  `updated_at` timestamp NULL DEFAULT CURRENT_TIMESTAMP ON UPDATE CURRENT_TIMESTAMP,
  PRIMARY KEY (`id`),
  KEY `idx_places_destination_id` (`destination_id`),
  KEY `idx_places_main_type` (`main_type`),
  KEY `idx_places_category` (`category`),
  CONSTRAINT `fk_places_destination` FOREIGN KEY (`destination_id`) REFERENCES `destinations` (`id`) ON DELETE CASCADE,
  CONSTRAINT `chk_places_cost` CHECK ((`cost_pkr` >= 0)),
  CONSTRAINT `chk_places_main_type` CHECK ((`main_type` in (_utf8mb4'hotel',_utf8mb4'restaurant',_utf8mb4'attraction'))),
  CONSTRAINT `chk_places_price_level` CHECK ((`price_level` between 1 and 5)),
  CONSTRAINT `chk_places_rating` CHECK ((`rating` between 0 and 5))
) ENGINE=InnoDB AUTO_INCREMENT=855 DEFAULT CHARSET=utf8mb4 COLLATE=utf8mb4_0900_ai_ci;
/*!40101 SET character_set_client = @saved_cs_client */;

--
-- Dumping data for table `places`
--

LOCK TABLES `places` WRITE;
/*!40000 ALTER TABLE `places` DISABLE KEYS */;
INSERT INTO `places` VALUES (1,2,'Skardu, Pakistan','karakaram inn hotel','catering.restaurant','restaurant',NULL,NULL,35.3009164,75.6309065,'[\'catering\', \'catering.restaurant\']',2037,NULL,NULL,NULL,NULL,NULL,'geoapify',1,'2026-04-25 02:36:42','2026-04-25 02:36:42'),(2,2,'Skardu, Pakistan','Taste Point','catering.restaurant','restaurant',NULL,NULL,35.3010757,75.6292309,'[\'catering\', \'catering.restaurant\']',2189,NULL,NULL,NULL,NULL,NULL,'geoapify',1,'2026-04-25 02:36:42','2026-04-25 02:36:42'),(3,2,'Skardu, Pakistan','Delicious local restaurant','catering.restaurant','restaurant',NULL,NULL,35.3012291,75.6295057,'[\'catering\', \'catering.restaurant\']',1251,NULL,NULL,NULL,NULL,NULL,'geoapify',1,'2026-04-25 02:36:42','2026-04-25 02:36:42'),(4,2,'Skardu, Pakistan','Unknown','catering.restaurant','restaurant',NULL,NULL,35.2982574,75.6363948,'[\'catering\', \'catering.restaurant\']',1013,NULL,NULL,NULL,NULL,NULL,'geoapify',1,'2026-04-25 02:36:42','2026-04-25 02:36:42'),(5,2,'Skardu, Pakistan','Unknown','catering.restaurant','restaurant',NULL,NULL,35.2974121,75.6414886,'[\'catering\', \'catering.restaurant\']',1580,NULL,NULL,NULL,NULL,NULL,'geoapify',1,'2026-04-25 02:36:42','2026-04-25 02:36:42'),(6,2,'Skardu, Pakistan','HH Restaurant','catering.restaurant','restaurant',NULL,NULL,35.2900487,75.6413893,'[\'catering\', \'catering.restaurant\']',2935,NULL,NULL,NULL,NULL,NULL,'geoapify',1,'2026-04-25 02:36:42','2026-04-25 02:36:42'),(7,2,'Skardu, Pakistan','Taste of Skardu','catering.restaurant','restaurant',NULL,NULL,35.2898179,75.6418764,'[\'catering\', \'catering.restaurant\']',939,NULL,NULL,NULL,NULL,NULL,'geoapify',1,'2026-04-25 02:36:42','2026-04-25 02:36:42'),(8,2,'Skardu, Pakistan','Wok Chef','catering.restaurant','restaurant',NULL,NULL,35.2897462,75.6404605,'[\'catering\', \'catering.restaurant\']',616,NULL,NULL,NULL,NULL,NULL,'geoapify',1,'2026-04-25 02:36:42','2026-04-25 02:36:42'),(9,2,'Skardu, Pakistan','Shahi Dewan','catering.restaurant','restaurant',NULL,NULL,35.2999340,75.6337408,'[\'catering\', \'catering.restaurant\']',1180,NULL,NULL,NULL,NULL,NULL,'geoapify',1,'2026-04-25 02:36:42','2026-04-25 02:36:42'),(10,2,'Skardu, Pakistan','Fish Day','catering.restaurant','restaurant',NULL,NULL,35.2894762,75.6370722,'[\'catering\', \'catering.restaurant\', \'catering.restaurant.fish\', \'catering.restaurant.fish_and_chips\']',1132,NULL,NULL,NULL,NULL,NULL,'geoapify',1,'2026-04-25 02:36:42','2026-04-25 02:36:42'),(11,2,'Skardu, Pakistan','PTDC Motel','accommodation.hotel','hotel',NULL,NULL,35.2958094,75.6475596,'[\'accommodation\', \'accommodation.hotel\', \'internet_access\']',10757,NULL,NULL,NULL,NULL,NULL,'geoapify',1,'2026-04-25 02:36:42','2026-04-25 02:36:42'),(12,2,'Skardu, Pakistan','Summit Embassy','accommodation.hotel','hotel',NULL,NULL,35.2708867,75.6364202,'[\'accommodation\', \'accommodation.hotel\', \'internet_access\']',13240,NULL,NULL,NULL,NULL,NULL,'geoapify',1,'2026-04-25 02:36:42','2026-04-25 02:36:42'),(13,2,'Skardu, Pakistan','سکردو ٹریول لاجز ہوٹل','accommodation.hotel','hotel',NULL,NULL,35.2871809,75.6297822,'[\'accommodation\', \'accommodation.hotel\', \'internet_access\', \'internet_access.free\']',9566,NULL,NULL,NULL,NULL,NULL,'geoapify',1,'2026-04-25 02:36:42','2026-04-25 02:36:42'),(14,2,'Skardu, Pakistan','Hotel Mashabrum','accommodation.hotel','hotel',NULL,NULL,35.3024688,75.6235123,'[\'accommodation\', \'accommodation.hotel\']',12535,NULL,NULL,NULL,NULL,NULL,'geoapify',1,'2026-04-25 02:36:42','2026-04-25 02:36:42'),(15,2,'Skardu, Pakistan','Dewan-e-Khas','accommodation.hotel','hotel',NULL,NULL,35.2975092,75.6359752,'[\'accommodation\', \'accommodation.hotel\', \'internet_access\']',6157,NULL,NULL,NULL,NULL,NULL,'geoapify',1,'2026-04-25 02:36:42','2026-04-25 02:36:42'),(16,2,'Skardu, Pakistan','Hotel Mountain Lodge','accommodation.hotel','hotel',NULL,NULL,35.2633735,75.6429625,'[\'accommodation\', \'accommodation.hotel\', \'internet_access\']',5164,NULL,NULL,NULL,NULL,NULL,'geoapify',1,'2026-04-25 02:36:42','2026-04-25 02:36:42'),(17,2,'Skardu, Pakistan','Indus Motel','accommodation.hotel','hotel',NULL,NULL,35.3023192,75.6246115,'[\'accommodation\', \'accommodation.hotel\', \'internet_access\']',12618,NULL,NULL,NULL,NULL,NULL,'geoapify',1,'2026-04-25 02:36:42','2026-04-25 02:36:42'),(18,2,'Skardu, Pakistan','Hotel Mashabrum','accommodation.hotel','hotel',NULL,NULL,35.3027075,75.6233711,'[\'accommodation\', \'accommodation.hotel\']',11207,NULL,NULL,NULL,NULL,NULL,'geoapify',1,'2026-04-25 02:36:42','2026-04-25 02:36:42'),(19,2,'Skardu, Pakistan','Hotel Sadpara','accommodation.hotel','hotel',NULL,NULL,35.3029674,75.6237221,'[\'accommodation\', \'accommodation.hotel\']',11621,NULL,NULL,NULL,NULL,NULL,'geoapify',1,'2026-04-25 02:36:42','2026-04-25 02:36:42'),(20,2,'Skardu, Pakistan','Hilton International Hotel & Restaurant','accommodation.hotel','hotel',NULL,NULL,35.2992623,75.6353652,'[\'accommodation\', \'accommodation.hotel\']',9813,NULL,NULL,NULL,NULL,NULL,'geoapify',1,'2026-04-25 02:36:42','2026-04-25 02:36:42'),(21,2,'Skardu, Pakistan','Hotel Snowland Palace','accommodation.hotel','hotel',NULL,NULL,35.2955061,75.6473540,'[\'accommodation\', \'accommodation.hotel\']',18918,NULL,NULL,NULL,NULL,NULL,'geoapify',1,'2026-04-25 02:36:42','2026-04-25 02:36:42'),(22,2,'Skardu, Pakistan','Skardu Inn','accommodation.hotel','hotel',NULL,NULL,35.3017367,75.6266214,'[\'accommodation\', \'accommodation.hotel\']',3131,NULL,NULL,NULL,NULL,NULL,'geoapify',1,'2026-04-25 02:36:42','2026-04-25 02:36:42'),(23,2,'Skardu, Pakistan','Snowland Guest House','accommodation.hotel','hotel',NULL,NULL,35.2955880,75.6111946,'[\'accommodation\', \'accommodation.hotel\']',3235,NULL,NULL,NULL,NULL,NULL,'geoapify',1,'2026-04-25 02:36:42','2026-04-25 02:36:42'),(24,2,'Skardu, Pakistan','Baltistan Mountain Chalet & Restaurant','accommodation.hotel','hotel',NULL,NULL,35.3040370,75.6219263,'[\'accommodation\', \'accommodation.hotel\']',10863,NULL,NULL,NULL,NULL,NULL,'geoapify',1,'2026-04-25 02:36:42','2026-04-25 02:36:42'),(25,2,'Skardu, Pakistan','Hotel Hargisa Inn','accommodation.hotel','hotel',NULL,NULL,35.3103123,75.6086686,'[\'accommodation\', \'accommodation.hotel\']',13624,NULL,NULL,NULL,NULL,NULL,'geoapify',1,'2026-04-25 02:36:42','2026-04-25 02:36:42'),(26,2,'Skardu, Pakistan','Hotel Summit & Restaurant','accommodation.hotel','hotel',NULL,NULL,35.2951747,75.6106014,'[\'accommodation\', \'accommodation.hotel\']',17882,NULL,NULL,NULL,NULL,NULL,'geoapify',1,'2026-04-25 02:36:42','2026-04-25 02:36:42'),(27,2,'Skardu, Pakistan','Baltistan Continental Hotel & Restaurant','accommodation.hotel','hotel',NULL,NULL,35.2948474,75.6483151,'[\'accommodation\', \'accommodation.hotel\']',5510,NULL,NULL,NULL,NULL,NULL,'geoapify',1,'2026-04-25 02:36:42','2026-04-25 02:36:42'),(28,2,'Skardu, Pakistan','Hotel Saspolo Skardu','accommodation.hotel','hotel',NULL,NULL,35.2900400,75.6197355,'[\'accommodation\', \'accommodation.hotel\', \'internet_access\', \'internet_access.free\']',14759,NULL,NULL,NULL,NULL,NULL,'geoapify',1,'2026-04-25 02:36:42','2026-04-25 02:36:42'),(29,2,'Skardu, Pakistan','Alpen hotel skardu','accommodation.hotel','hotel',NULL,NULL,35.2923417,75.6468367,'[\'accommodation\', \'accommodation.hotel\', \'internet_access\', \'internet_access.free\']',12742,NULL,NULL,NULL,NULL,NULL,'geoapify',1,'2026-04-25 02:36:42','2026-04-25 02:36:42'),(30,2,'Skardu, Pakistan','Baltistan Resort','accommodation.hotel','hotel',NULL,NULL,35.2900452,75.6172947,'[\'accommodation\', \'accommodation.hotel\', \'internet_access\']',18150,NULL,NULL,NULL,NULL,NULL,'geoapify',1,'2026-04-25 02:36:42','2026-04-25 02:36:42'),(31,2,'Skardu, Pakistan','Manthal Buddha Rock','tourism.attraction','attraction',NULL,NULL,35.2688016,75.6336470,'[\'tourism\', \'tourism.attraction\', \'tourism.sights\', \'tourism.sights.archaeological_site\']',293,NULL,NULL,NULL,NULL,NULL,'geoapify',1,'2026-04-25 02:36:42','2026-04-25 02:36:42'),(32,2,'Skardu, Pakistan','Kharphocho Fort','tourism.attraction','attraction',NULL,NULL,35.3041021,75.6402970,'[\'building\', \'building.historic\', \'building.tourism\', \'tourism\', \'tourism.attraction\', \'tourism.sights\', \'tourism.sights.fort\']',322,NULL,NULL,NULL,NULL,NULL,'geoapify',1,'2026-04-25 02:36:42','2026-04-25 02:36:42'),(33,2,'Skardu, Pakistan','Manthal Buddha Rock','tourism.attraction','attraction',NULL,NULL,35.2688287,75.6336551,'[\'tourism\', \'tourism.attraction\']',897,NULL,NULL,NULL,NULL,NULL,'geoapify',1,'2026-04-25 02:36:42','2026-04-25 02:36:42'),(34,2,'Skardu, Pakistan','Manthal Buddha Rock','tourism.attraction','attraction',NULL,NULL,35.2690285,75.6335172,'[\'tourism\', \'tourism.attraction\']',345,NULL,NULL,NULL,NULL,NULL,'geoapify',1,'2026-04-25 02:36:42','2026-04-25 02:36:42'),(35,2,'Skardu, Pakistan','سٹی پارک سکردو','tourism.attraction','attraction',NULL,NULL,35.2797964,75.6413758,'[\'tourism\', \'tourism.attraction\']',595,NULL,NULL,NULL,NULL,NULL,'geoapify',1,'2026-04-25 02:36:42','2026-04-25 02:36:42'),(36,2,'Skardu, Pakistan','Polo Ground','tourism.attraction','attraction',NULL,NULL,35.3003410,75.6372713,'[\'tourism\', \'tourism.attraction\']',132,NULL,NULL,NULL,NULL,NULL,'geoapify',1,'2026-04-25 02:36:42','2026-04-25 02:36:42'),(37,2,'Skardu, Pakistan','Bazaar','tourism.attraction','attraction',NULL,NULL,35.2986933,75.6334536,'[\'tourism\', \'tourism.attraction\']',299,NULL,NULL,NULL,NULL,NULL,'geoapify',1,'2026-04-25 02:36:42','2026-04-25 02:36:42'),(38,2,'Skardu, Pakistan','City Viewpoint','tourism.attraction','attraction',NULL,NULL,35.2704130,75.6440613,'[\'tourism\', \'tourism.attraction\', \'tourism.attraction.viewpoint\']',121,NULL,NULL,NULL,NULL,NULL,'geoapify',1,'2026-04-25 02:36:42','2026-04-25 02:36:42'),(39,2,'Skardu, Pakistan','Nangsoq First Organic Village','tourism.attraction','attraction',NULL,NULL,35.3207778,75.6284434,'[\'tourism\', \'tourism.attraction\']',529,NULL,NULL,NULL,NULL,NULL,'geoapify',1,'2026-04-25 02:36:42','2026-04-25 02:36:42'),(40,2,'Skardu, Pakistan','Polo Grounds','tourism.attraction','attraction',NULL,NULL,35.3064148,75.6184115,'[\'tourism\', \'tourism.attraction\']',463,NULL,NULL,NULL,NULL,NULL,'geoapify',1,'2026-04-25 02:36:42','2026-04-25 02:36:42'),(41,2,'Skardu, Pakistan','Eagle Statue','tourism.attraction','attraction',NULL,NULL,35.3009872,75.6301539,'[\'tourism\', \'tourism.attraction\']',985,NULL,NULL,NULL,NULL,NULL,'geoapify',1,'2026-04-25 02:36:42','2026-04-25 02:36:42'),(42,2,'Skardu, Pakistan','سکردو','tourism.attraction','attraction',NULL,NULL,35.2901309,75.6453913,'[\'tourism\', \'tourism.attraction\']',493,NULL,NULL,NULL,NULL,NULL,'geoapify',1,'2026-04-25 02:36:42','2026-04-25 02:36:42'),(43,2,'Skardu, Pakistan','twilight viewpoint','tourism.attraction','attraction',NULL,NULL,35.2961928,75.6477005,'[\'tourism\', \'tourism.attraction\', \'tourism.attraction.viewpoint\']',57,NULL,NULL,NULL,NULL,NULL,'geoapify',1,'2026-04-25 02:36:42','2026-04-25 02:36:42'),(44,2,'Skardu, Pakistan','Unknown','tourism.attraction','attraction',NULL,NULL,35.3034191,75.6235879,'[\'tourism\', \'tourism.attraction\', \'tourism.attraction.viewpoint\']',352,NULL,NULL,NULL,NULL,NULL,'geoapify',1,'2026-04-25 02:36:42','2026-04-25 02:36:42'),(45,2,'Skardu, Pakistan','Unknown','tourism.attraction','attraction',NULL,NULL,35.3092851,75.6281189,'[\'tourism\', \'tourism.attraction\', \'tourism.attraction.viewpoint\']',812,NULL,NULL,NULL,NULL,NULL,'geoapify',1,'2026-04-25 02:36:42','2026-04-25 02:36:42'),(46,2,'Skardu, Pakistan','Unknown','tourism.attraction','attraction',NULL,NULL,35.3066099,75.6406763,'[\'tourism\', \'tourism.attraction\', \'tourism.attraction.viewpoint\']',188,NULL,NULL,NULL,NULL,NULL,'geoapify',1,'2026-04-25 02:36:42','2026-04-25 02:36:42'),(47,2,'Skardu, Pakistan','Unknown','tourism.attraction','attraction',NULL,NULL,35.3038458,75.6392837,'[\'tourism\', \'tourism.attraction\', \'tourism.attraction.viewpoint\']',465,NULL,NULL,NULL,NULL,NULL,'geoapify',1,'2026-04-25 02:36:42','2026-04-25 02:36:42'),(48,4,'Kaghan Valley, Pakistan','Al Kuresh','catering.restaurant','restaurant',NULL,NULL,34.5500458,73.3538511,'[\'catering\', \'catering.restaurant\']',1721,NULL,NULL,NULL,NULL,NULL,'geoapify',1,'2026-04-25 02:36:42','2026-04-25 02:36:42'),(49,4,'Kaghan Valley, Pakistan','Kunhar Sarai Hotel Balakot','accommodation.hotel','hotel',NULL,NULL,34.5170537,73.3477612,'[\'accommodation\', \'accommodation.hotel\', \'internet_access\']',14660,NULL,NULL,NULL,NULL,NULL,'geoapify',1,'2026-04-25 02:36:42','2026-04-25 02:36:42'),(50,4,'Kaghan Valley, Pakistan','PTDC Motel','accommodation.hotel','hotel',NULL,NULL,34.5477562,73.3501903,'[\'accommodation\', \'accommodation.hotel\']',13673,NULL,NULL,NULL,NULL,NULL,'geoapify',1,'2026-04-25 02:36:42','2026-04-25 02:36:42'),(51,4,'Kaghan Valley, Pakistan','Country Club Resort','accommodation.hotel','hotel',NULL,NULL,34.5417998,73.3504933,'[\'accommodation\', \'accommodation.hotel\']',5734,NULL,NULL,NULL,NULL,NULL,'geoapify',1,'2026-04-25 02:36:42','2026-04-25 02:36:42'),(52,5,'Fairy Meadows, Pakistan','Fairy Point','catering.restaurant','restaurant',NULL,NULL,35.4107811,74.5895170,'[\'catering\', \'catering.restaurant\']',1430,NULL,NULL,NULL,NULL,NULL,'geoapify',1,'2026-04-25 02:36:42','2026-04-25 02:36:42'),(53,5,'Fairy Meadows, Pakistan','Midway Hotel','catering.restaurant','restaurant',NULL,NULL,35.3871860,74.5857283,'[\'catering\', \'catering.restaurant\']',1669,NULL,NULL,NULL,NULL,NULL,'geoapify',1,'2026-04-25 02:36:42','2026-04-25 02:36:42'),(54,5,'Fairy Meadows, Pakistan','Caravan sarai hotel and restaurant','catering.restaurant','restaurant',NULL,NULL,35.4125246,74.5896832,'[\'catering\', \'catering.restaurant\']',901,NULL,NULL,NULL,NULL,NULL,'geoapify',1,'2026-04-25 02:36:42','2026-04-25 02:36:42'),(55,5,'Fairy Meadows, Pakistan','Fairy Meadows Cottages','accommodation.hotel','hotel',NULL,NULL,35.3816249,74.5787881,'[\'accommodation\', \'accommodation.hotel\']',9737,NULL,NULL,NULL,NULL,NULL,'geoapify',1,'2026-04-25 02:36:42','2026-04-25 02:36:42'),(56,5,'Fairy Meadows, Pakistan','Nangaparbat View Camping & Resort','accommodation.hotel','hotel',NULL,NULL,35.3862895,74.5816422,'[\'accommodation\', \'accommodation.hotel\']',15748,NULL,NULL,NULL,NULL,NULL,'geoapify',1,'2026-04-25 02:36:42','2026-04-25 02:36:42'),(57,5,'Fairy Meadows, Pakistan','BROAD VIEW Hotel & Camping Site','accommodation.hotel','hotel',NULL,NULL,35.3873531,74.5814744,'[\'accommodation\', \'accommodation.hotel\']',17396,NULL,NULL,NULL,NULL,NULL,'geoapify',1,'2026-04-25 02:36:42','2026-04-25 02:36:42'),(58,5,'Fairy Meadows, Pakistan','Fairy Meadows GuestHouse & Campsite','accommodation.hotel','hotel',NULL,NULL,35.3851154,74.5796175,'[\'accommodation\', \'accommodation.hotel\']',15029,NULL,NULL,NULL,NULL,NULL,'geoapify',1,'2026-04-25 02:36:42','2026-04-25 02:36:42'),(59,5,'Fairy Meadows, Pakistan','Greenland Hotel','accommodation.hotel','hotel',NULL,NULL,35.3844907,74.5798664,'[\'accommodation\', \'accommodation.hotel\']',18351,NULL,NULL,NULL,NULL,NULL,'geoapify',1,'2026-04-25 02:36:42','2026-04-25 02:36:42'),(60,5,'Fairy Meadows, Pakistan','Reis Derbal hotel','accommodation.hotel','hotel',NULL,NULL,35.3510465,74.5769596,'[\'accommodation\', \'accommodation.hotel\']',13639,NULL,NULL,NULL,NULL,NULL,'geoapify',1,'2026-04-25 02:36:42','2026-04-25 02:36:42'),(61,5,'Fairy Meadows, Pakistan','Di Ambre','accommodation.hotel','hotel',NULL,NULL,35.3878227,74.5778516,'[\'accommodation\', \'accommodation.hotel\']',14266,NULL,NULL,NULL,NULL,NULL,'geoapify',1,'2026-04-25 02:36:42','2026-04-25 02:36:42'),(62,5,'Fairy Meadows, Pakistan','Raees Lodge','accommodation.hotel','hotel',NULL,NULL,35.3865202,74.5786395,'[\'accommodation\', \'accommodation.hotel\']',17236,NULL,NULL,NULL,NULL,NULL,'geoapify',1,'2026-04-25 02:36:42','2026-04-25 02:36:42'),(63,5,'Fairy Meadows, Pakistan','Ibex Lodges','accommodation.hotel','hotel',NULL,NULL,35.3874710,74.5778641,'[\'accommodation\', \'accommodation.hotel\']',5360,NULL,NULL,NULL,NULL,NULL,'geoapify',1,'2026-04-25 02:36:42','2026-04-25 02:36:42'),(64,5,'Fairy Meadows, Pakistan','Caravan Sarai and Camping site','accommodation.hotel','hotel',NULL,NULL,35.3857557,74.5791776,'[\'accommodation\', \'accommodation.hotel\']',4279,NULL,NULL,NULL,NULL,NULL,'geoapify',1,'2026-04-25 02:36:42','2026-04-25 02:36:42'),(65,5,'Fairy Meadows, Pakistan','Shambala Resorts','accommodation.hotel','hotel',NULL,NULL,35.3879359,74.5784468,'[\'accommodation\', \'accommodation.hotel\']',16052,NULL,NULL,NULL,NULL,NULL,'geoapify',1,'2026-04-25 02:36:42','2026-04-25 02:36:42'),(66,5,'Fairy Meadows, Pakistan','Fairy Land','accommodation.hotel','hotel',NULL,NULL,35.3549396,74.5772839,'[\'accommodation\', \'accommodation.hotel\']',7787,NULL,NULL,NULL,NULL,NULL,'geoapify',1,'2026-04-25 02:36:42','2026-04-25 02:36:42'),(67,5,'Fairy Meadows, Pakistan','Pakistan Hotel (Wooden Huts)','accommodation.hotel','hotel',NULL,NULL,35.3559806,74.5774843,'[\'accommodation\', \'accommodation.hotel\']',18241,NULL,NULL,NULL,NULL,NULL,'geoapify',1,'2026-04-25 02:36:42','2026-04-25 02:36:42'),(68,5,'Fairy Meadows, Pakistan','Eagle\'s Nest','tourism.attraction','attraction',NULL,NULL,35.3800049,74.5801893,'[\'tourism\', \'tourism.attraction\', \'tourism.attraction.viewpoint\']',424,NULL,NULL,NULL,NULL,NULL,'geoapify',1,'2026-04-25 02:36:42','2026-04-25 02:36:42'),(69,5,'Fairy Meadows, Pakistan','Fairy meadow','tourism.attraction','attraction',NULL,NULL,35.3871676,74.5789051,'[\'tourism\', \'tourism.attraction\']',512,NULL,NULL,NULL,NULL,NULL,'geoapify',1,'2026-04-25 02:36:42','2026-04-25 02:36:42'),(70,5,'Fairy Meadows, Pakistan','Unknown','tourism.attraction','attraction',NULL,NULL,35.3862300,74.5807306,'[\'tourism\', \'tourism.attraction\', \'tourism.attraction.viewpoint\']',156,NULL,NULL,NULL,NULL,NULL,'geoapify',1,'2026-04-25 02:36:42','2026-04-25 02:36:42'),(71,5,'Fairy Meadows, Pakistan','Unknown','tourism.attraction','attraction',NULL,NULL,35.3561376,74.5764644,'[\'tourism\', \'tourism.attraction\', \'tourism.attraction.viewpoint\']',901,NULL,NULL,NULL,NULL,NULL,'geoapify',1,'2026-04-25 02:36:42','2026-04-25 02:36:42'),(72,5,'Fairy Meadows, Pakistan','Unknown','tourism.attraction','attraction',NULL,NULL,35.3883514,74.5795834,'[\'tourism\', \'tourism.attraction\', \'tourism.attraction.viewpoint\']',762,NULL,NULL,NULL,NULL,NULL,'geoapify',1,'2026-04-25 02:36:42','2026-04-25 02:36:42'),(73,7,'Shogran, Pakistan','Pine Park Hotel Shogran','accommodation.hotel','hotel',NULL,NULL,34.6402047,73.4660925,'[\'accommodation\', \'accommodation.hotel\']',7250,NULL,NULL,NULL,NULL,NULL,'geoapify',1,'2026-04-25 02:36:42','2026-04-25 02:36:42'),(74,7,'Shogran, Pakistan','Fairyland Hotel','accommodation.hotel','hotel',NULL,NULL,34.6610199,73.4967497,'[\'accommodation\', \'accommodation.hotel\', \'building\', \'building.accommodation\']',9846,NULL,NULL,NULL,NULL,NULL,'geoapify',1,'2026-04-25 02:36:42','2026-04-25 02:36:42'),(75,7,'Shogran, Pakistan','Ahsania hotel and restaurant','accommodation.hotel','hotel',NULL,NULL,34.6309684,73.4434882,'[\'accommodation\', \'accommodation.hotel\']',13556,NULL,NULL,NULL,NULL,NULL,'geoapify',1,'2026-04-25 02:36:42','2026-04-25 02:36:42'),(76,7,'Shogran, Pakistan','Green Wood Hotel and Restuarant','accommodation.hotel','hotel',NULL,NULL,34.6609210,73.4995292,'[\'accommodation\', \'accommodation.hotel\']',16447,NULL,NULL,NULL,NULL,NULL,'geoapify',1,'2026-04-25 02:36:42','2026-04-25 02:36:42'),(77,7,'Shogran, Pakistan','Unknown','accommodation.hotel','hotel',NULL,NULL,34.6330030,73.4425340,'[\'accommodation\', \'accommodation.hotel\', \'internet_access\']',18278,NULL,NULL,NULL,NULL,NULL,'geoapify',1,'2026-04-25 02:36:42','2026-04-25 02:36:42'),(78,7,'Shogran, Pakistan','Shogran','tourism.attraction','attraction',NULL,NULL,34.6409377,73.4639560,'[\'populated_place\', \'populated_place.village\', \'tourism\', \'tourism.attraction\']',535,NULL,NULL,NULL,NULL,NULL,'geoapify',1,'2026-04-25 02:36:42','2026-04-25 02:36:42'),(79,8,'Siri Paye, Pakistan','Five Diner','catering.restaurant','restaurant',NULL,NULL,33.7229203,73.0593075,'[\'catering\', \'catering.restaurant\', \'gluten_free\']',1253,NULL,NULL,NULL,NULL,NULL,'geoapify',1,'2026-04-25 02:36:42','2026-04-25 02:36:42'),(80,8,'Siri Paye, Pakistan','Chop Chop Wok','catering.restaurant','restaurant',NULL,NULL,33.7306203,73.0792580,'[\'catering\', \'catering.restaurant\']',708,NULL,NULL,NULL,NULL,NULL,'geoapify',1,'2026-04-25 02:36:42','2026-04-25 02:36:42'),(81,8,'Siri Paye, Pakistan','Aanch Restaurant','catering.restaurant','restaurant',NULL,NULL,33.7300793,73.0769540,'[\'catering\', \'catering.restaurant\', \'halal\']',2493,NULL,NULL,NULL,NULL,NULL,'geoapify',1,'2026-04-25 02:36:42','2026-04-25 02:36:42'),(82,8,'Siri Paye, Pakistan','The Townhouse Hotel islamabad','catering.restaurant','restaurant',NULL,NULL,33.7190436,73.0542260,'[\'catering\', \'catering.restaurant\']',2486,NULL,NULL,NULL,NULL,NULL,'geoapify',1,'2026-04-25 02:36:42','2026-04-25 02:36:42'),(83,8,'Siri Paye, Pakistan','Best Western','catering.restaurant','restaurant',NULL,NULL,33.6868444,73.1070966,'[\'accommodation\', \'accommodation.hotel\', \'catering\', \'catering.restaurant\']',2398,NULL,NULL,NULL,NULL,NULL,'geoapify',1,'2026-04-25 02:36:42','2026-04-25 02:36:42'),(84,8,'Siri Paye, Pakistan','The Pizza Guys','catering.restaurant','restaurant',NULL,NULL,33.7296326,73.0763698,'[\'catering\', \'catering.restaurant\', \'catering.restaurant.pizza\', \'halal\']',2595,NULL,NULL,NULL,NULL,NULL,'geoapify',1,'2026-04-25 02:36:42','2026-04-25 02:36:42'),(85,8,'Siri Paye, Pakistan','Daman-e-Koh','catering.restaurant','restaurant',NULL,NULL,33.7383666,73.0570403,'[\'catering\', \'catering.restaurant\', \'tourism\', \'tourism.attraction\', \'tourism.attraction.viewpoint\']',2221,NULL,NULL,NULL,NULL,NULL,'geoapify',1,'2026-04-25 02:36:42','2026-04-25 02:36:42'),(86,8,'Siri Paye, Pakistan','The French Club 21','catering.restaurant','restaurant',NULL,NULL,33.7232144,73.1154502,'[\'building\', \'building.catering\', \'catering\', \'catering.restaurant\']',1288,NULL,NULL,NULL,NULL,NULL,'geoapify',1,'2026-04-25 02:36:42','2026-04-25 02:36:42'),(87,8,'Siri Paye, Pakistan','Savour Foods','catering.restaurant','restaurant',NULL,NULL,33.7132176,73.0634842,'[\'catering\', \'catering.restaurant\']',2427,NULL,NULL,NULL,NULL,NULL,'geoapify',1,'2026-04-25 02:36:42','2026-04-25 02:36:42'),(88,8,'Siri Paye, Pakistan','Tuscany Courtyard','catering.restaurant','restaurant',NULL,NULL,33.7355212,73.0782350,'[\'catering\', \'catering.restaurant\', \'catering.restaurant.thai\', \'halal\']',1138,NULL,NULL,NULL,NULL,NULL,'geoapify',1,'2026-04-25 02:36:42','2026-04-25 02:36:42'),(89,8,'Siri Paye, Pakistan','The Smokey Cauldron','catering.restaurant','restaurant',NULL,NULL,33.7296699,73.0770447,'[\'catering\', \'catering.restaurant\']',1767,NULL,NULL,NULL,NULL,NULL,'geoapify',1,'2026-04-25 02:36:42','2026-04-25 02:36:42'),(90,8,'Siri Paye, Pakistan','Smokey cheese','catering.restaurant','restaurant',NULL,NULL,33.7234527,73.0587904,'[\'catering\', \'catering.restaurant\']',819,NULL,NULL,NULL,NULL,NULL,'geoapify',1,'2026-04-25 02:36:42','2026-04-25 02:36:42'),(91,8,'Siri Paye, Pakistan','Nazir Foods','catering.restaurant','restaurant',NULL,NULL,33.6853683,73.0438551,'[\'catering\', \'catering.restaurant\']',926,NULL,NULL,NULL,NULL,NULL,'geoapify',1,'2026-04-25 02:36:42','2026-04-25 02:36:42'),(92,8,'Siri Paye, Pakistan','Noorani Restaurant','catering.restaurant','restaurant',NULL,NULL,33.7110292,73.0382394,'[\'catering\', \'catering.restaurant\']',2532,NULL,NULL,NULL,NULL,NULL,'geoapify',1,'2026-04-25 02:36:42','2026-04-25 02:36:42'),(93,8,'Siri Paye, Pakistan','Food Street','catering.restaurant','restaurant',NULL,NULL,33.7174595,73.0849999,'[\'building\', \'building.catering\', \'catering\', \'catering.restaurant\']',2490,NULL,NULL,NULL,NULL,NULL,'geoapify',1,'2026-04-25 02:36:42','2026-04-25 02:36:42'),(94,8,'Siri Paye, Pakistan','Golden Dragon','catering.restaurant','restaurant',NULL,NULL,33.7263387,73.0577749,'[\'catering\', \'catering.restaurant\']',1503,NULL,NULL,NULL,NULL,NULL,'geoapify',1,'2026-04-25 02:36:42','2026-04-25 02:36:42'),(95,8,'Siri Paye, Pakistan','Cordon Rouge','catering.restaurant','restaurant',NULL,NULL,33.7263073,73.1217332,'[\'building\', \'building.catering\', \'catering\', \'catering.restaurant\']',589,NULL,NULL,NULL,NULL,NULL,'geoapify',1,'2026-04-25 02:36:42','2026-04-25 02:36:42'),(96,8,'Siri Paye, Pakistan','La Montana Restaurant','catering.restaurant','restaurant',NULL,NULL,33.7604323,73.0666027,'[\'building\', \'building.catering\', \'catering\', \'catering.restaurant\']',881,NULL,NULL,NULL,NULL,NULL,'geoapify',1,'2026-04-25 02:36:42','2026-04-25 02:36:42'),(97,8,'Siri Paye, Pakistan','Des Pardes','catering.restaurant','restaurant',NULL,NULL,33.7442697,73.0677950,'[\'building\', \'building.catering\', \'catering\', \'catering.restaurant\']',1801,NULL,NULL,NULL,NULL,NULL,'geoapify',1,'2026-04-25 02:36:42','2026-04-25 02:36:42'),(98,8,'Siri Paye, Pakistan','Islamabad Vintage Quisine','catering.restaurant','restaurant',NULL,NULL,33.7294496,73.0749265,'[\'catering\', \'catering.restaurant\', \'catering.restaurant.regional\']',1481,NULL,NULL,NULL,NULL,NULL,'geoapify',1,'2026-04-25 02:36:42','2026-04-25 02:36:42'),(99,8,'Siri Paye, Pakistan','Hill View Hotel','accommodation.hotel','hotel',NULL,NULL,33.7211151,73.0565451,'[\'accommodation\', \'accommodation.hotel\', \'internet_access\']',16210,NULL,NULL,NULL,NULL,NULL,'geoapify',1,'2026-04-25 02:36:42','2026-04-25 02:36:42'),(100,8,'Siri Paye, Pakistan','Fortalice Koshar','accommodation.hotel','hotel',NULL,NULL,33.7285610,73.0682710,'[\'accommodation\', \'accommodation.hotel\', \'internet_access\', \'wheelchair\', \'wheelchair.limited\']',15254,NULL,NULL,NULL,NULL,NULL,'geoapify',1,'2026-04-25 02:36:42','2026-04-25 02:36:42'),(101,8,'Siri Paye, Pakistan','Comfort Residency','accommodation.hotel','hotel',NULL,NULL,33.7195965,73.0520807,'[\'accommodation\', \'accommodation.hotel\', \'internet_access\', \'internet_access.free\', \'wheelchair\', \'wheelchair.limited\']',5724,NULL,NULL,NULL,NULL,NULL,'geoapify',1,'2026-04-25 02:36:42','2026-04-25 02:36:42'),(102,8,'Siri Paye, Pakistan','Hotel Al-Habib','accommodation.hotel','hotel',NULL,NULL,33.7034880,73.0714023,'[\'accommodation\', \'accommodation.hotel\', \'internet_access\']',4278,NULL,NULL,NULL,NULL,NULL,'geoapify',1,'2026-04-25 02:36:42','2026-04-25 02:36:42'),(103,8,'Siri Paye, Pakistan','Best Western','accommodation.hotel','hotel',NULL,NULL,33.6868444,73.1070966,'[\'accommodation\', \'accommodation.hotel\', \'catering\', \'catering.restaurant\']',19903,NULL,NULL,NULL,NULL,NULL,'geoapify',1,'2026-04-25 02:36:42','2026-04-25 02:36:42'),(104,8,'Siri Paye, Pakistan','Islamabad Premiere Inn','accommodation.hotel','hotel',NULL,NULL,33.7034369,73.0718996,'[\'accommodation\', \'accommodation.hotel\', \'internet_access\']',16779,NULL,NULL,NULL,NULL,NULL,'geoapify',1,'2026-04-25 02:36:42','2026-04-25 02:36:42'),(105,8,'Siri Paye, Pakistan','Embassy Lodge','accommodation.hotel','hotel',NULL,NULL,33.6848707,73.1050560,'[\'accommodation\', \'accommodation.hotel\']',19038,NULL,NULL,NULL,NULL,NULL,'geoapify',1,'2026-04-25 02:36:42','2026-04-25 02:36:42'),(106,8,'Siri Paye, Pakistan','Islamabad Hotel','accommodation.hotel','hotel',NULL,NULL,33.7161579,73.0844415,'[\'accommodation\', \'accommodation.hotel\', \'building\', \'building.accommodation\']',15551,NULL,NULL,NULL,NULL,NULL,'geoapify',1,'2026-04-25 02:36:42','2026-04-25 02:36:42'),(107,8,'Siri Paye, Pakistan','Islamabad Marriott Hotel','accommodation.hotel','hotel',NULL,NULL,33.7327063,73.0871094,'[\'accommodation\', \'accommodation.hotel\', \'building\', \'building.accommodation\']',12542,NULL,NULL,NULL,NULL,NULL,'geoapify',1,'2026-04-25 02:36:42','2026-04-25 02:36:42'),(108,8,'Siri Paye, Pakistan','Hotel Margala','accommodation.hotel','hotel',NULL,NULL,33.7084214,73.0988424,'[\'accommodation\', \'accommodation.hotel\', \'internet_access\', \'internet_access.for_customers\']',15197,NULL,NULL,NULL,NULL,NULL,'geoapify',1,'2026-04-25 02:36:42','2026-04-25 02:36:42'),(109,8,'Siri Paye, Pakistan','ایلچی کانٹی نینٹل ہوٹل','accommodation.hotel','hotel',NULL,NULL,33.7107225,73.0596301,'[\'accommodation\', \'accommodation.hotel\']',5296,NULL,NULL,NULL,NULL,NULL,'geoapify',1,'2026-04-25 02:36:42','2026-04-25 02:36:42'),(110,8,'Siri Paye, Pakistan','Quita and Karachi Kaifai','accommodation.hotel','hotel',NULL,NULL,33.7173172,73.0844228,'[\'accommodation\', \'accommodation.hotel\']',6069,NULL,NULL,NULL,NULL,NULL,'geoapify',1,'2026-04-25 02:36:42','2026-04-25 02:36:42'),(111,8,'Siri Paye, Pakistan','Al-Umer','accommodation.hotel','hotel',NULL,NULL,33.7035730,73.0718268,'[\'accommodation\', \'accommodation.hotel\']',10824,NULL,NULL,NULL,NULL,NULL,'geoapify',1,'2026-04-25 02:36:42','2026-04-25 02:36:42'),(112,8,'Siri Paye, Pakistan','New Cape Grace Guest House','accommodation.hotel','hotel',NULL,NULL,33.7217997,73.0699978,'[\'accommodation\', \'accommodation.hotel\', \'building\', \'building.accommodation\']',14428,NULL,NULL,NULL,NULL,NULL,'geoapify',1,'2026-04-25 02:36:42','2026-04-25 02:36:42'),(113,8,'Siri Paye, Pakistan','Serena Hotel','accommodation.hotel','hotel',NULL,NULL,33.7153374,73.1018105,'[\'accommodation\', \'accommodation.hotel\', \'building\', \'building.accommodation\']',7519,NULL,NULL,NULL,NULL,NULL,'geoapify',1,'2026-04-25 02:36:42','2026-04-25 02:36:42'),(114,8,'Siri Paye, Pakistan','Laraib Inn','accommodation.hotel','hotel',NULL,NULL,33.6822331,73.0362653,'[\'accommodation\', \'accommodation.hotel\']',15350,NULL,NULL,NULL,NULL,NULL,'geoapify',1,'2026-04-25 02:36:42','2026-04-25 02:36:42'),(115,8,'Siri Paye, Pakistan','Serena Hotel - Business Complex','accommodation.hotel','hotel',NULL,NULL,33.7171182,73.1003371,'[\'accommodation\', \'accommodation.hotel\']',11486,NULL,NULL,NULL,NULL,NULL,'geoapify',1,'2026-04-25 02:36:42','2026-04-25 02:36:42'),(116,8,'Siri Paye, Pakistan','Serena Hotel','accommodation.hotel','hotel',NULL,NULL,33.7160454,73.1012449,'[\'accommodation\', \'accommodation.hotel\', \'building\', \'building.accommodation\']',8133,NULL,NULL,NULL,NULL,NULL,'geoapify',1,'2026-04-25 02:36:42','2026-04-25 02:36:42'),(117,8,'Siri Paye, Pakistan','Marriott Hotel','accommodation.hotel','hotel',NULL,NULL,33.7326104,73.0861695,'[\'accommodation\', \'accommodation.hotel\']',12524,NULL,NULL,NULL,NULL,NULL,'geoapify',1,'2026-04-25 02:36:42','2026-04-25 02:36:42'),(118,8,'Siri Paye, Pakistan','Heaven Heights Hotel','accommodation.hotel','hotel',NULL,NULL,33.7051387,73.0690439,'[\'accommodation\', \'accommodation.hotel\']',6424,NULL,NULL,NULL,NULL,NULL,'geoapify',1,'2026-04-25 02:36:42','2026-04-25 02:36:42'),(119,8,'Siri Paye, Pakistan','Daman-e-Koh','tourism.attraction','attraction',NULL,NULL,33.7383666,73.0570403,'[\'catering\', \'catering.restaurant\', \'tourism\', \'tourism.attraction\', \'tourism.attraction.viewpoint\']',808,NULL,NULL,NULL,NULL,NULL,'geoapify',1,'2026-04-25 02:36:42','2026-04-25 02:36:42'),(120,8,'Siri Paye, Pakistan','Islamabad Viewpoint','tourism.attraction','attraction',NULL,NULL,33.7397318,73.0537374,'[\'tourism\', \'tourism.attraction\']',823,NULL,NULL,NULL,NULL,NULL,'geoapify',1,'2026-04-25 02:36:42','2026-04-25 02:36:42'),(121,8,'Siri Paye, Pakistan','Daman-e-Koh','tourism.attraction','attraction',NULL,NULL,33.7392849,73.0556102,'[\'tourism\', \'tourism.attraction\']',100,NULL,NULL,NULL,NULL,NULL,'geoapify',1,'2026-04-25 02:36:42','2026-04-25 02:36:42'),(122,8,'Siri Paye, Pakistan','Potohari','tourism.attraction','attraction',NULL,NULL,33.6991669,73.0833516,'[\'tourism\', \'tourism.attraction\']',830,NULL,NULL,NULL,NULL,NULL,'geoapify',1,'2026-04-25 02:36:42','2026-04-25 02:36:42'),(123,8,'Siri Paye, Pakistan','Trail 3 hill top','tourism.attraction','attraction',NULL,NULL,33.7485094,73.0793527,'[\'tourism\', \'tourism.attraction\', \'tourism.attraction.viewpoint\']',737,NULL,NULL,NULL,NULL,NULL,'geoapify',1,'2026-04-25 02:36:42','2026-04-25 02:36:42'),(124,8,'Siri Paye, Pakistan','Executive 48 Flats','tourism.attraction','attraction',NULL,NULL,33.7164662,73.0986324,'[\'tourism\', \'tourism.attraction\']',906,NULL,NULL,NULL,NULL,NULL,'geoapify',1,'2026-04-25 02:36:42','2026-04-25 02:36:42'),(125,8,'Siri Paye, Pakistan','CADD','tourism.attraction','attraction',NULL,NULL,33.7378239,73.0959494,'[\'tourism\', \'tourism.attraction\']',651,NULL,NULL,NULL,NULL,NULL,'geoapify',1,'2026-04-25 02:36:42','2026-04-25 02:36:42'),(126,8,'Siri Paye, Pakistan','راول چوک','tourism.attraction','attraction',NULL,NULL,33.6890095,73.1104315,'[\'tourism\', \'tourism.attraction\', \'tourism.attraction.viewpoint\']',430,NULL,NULL,NULL,NULL,NULL,'geoapify',1,'2026-04-25 02:36:42','2026-04-25 02:36:42'),(127,8,'Siri Paye, Pakistan','Gerry\'s Group','tourism.attraction','attraction',NULL,NULL,33.7272812,73.0434170,'[\'tourism\', \'tourism.attraction\']',168,NULL,NULL,NULL,NULL,NULL,'geoapify',1,'2026-04-25 02:36:42','2026-04-25 02:36:42'),(128,8,'Siri Paye, Pakistan','Institute of Engineers Pakistan','tourism.attraction','attraction',NULL,NULL,33.6896033,73.0532622,'[\'tourism\', \'tourism.attraction\']',813,NULL,NULL,NULL,NULL,NULL,'geoapify',1,'2026-04-25 02:36:42','2026-04-25 02:36:42'),(129,8,'Siri Paye, Pakistan','Tealiner','tourism.attraction','attraction',NULL,NULL,33.6953167,73.0509677,'[\'tourism\', \'tourism.attraction\']',684,NULL,NULL,NULL,NULL,NULL,'geoapify',1,'2026-04-25 02:36:42','2026-04-25 02:36:42'),(130,8,'Siri Paye, Pakistan','Mian Amjad H#229, St32, G8-2, Tepo Market ID','tourism.attraction','attraction',NULL,NULL,33.6981418,73.0432992,'[\'tourism\', \'tourism.attraction\', \'tourism.attraction.viewpoint\']',940,NULL,NULL,NULL,NULL,NULL,'geoapify',1,'2026-04-25 02:36:42','2026-04-25 02:36:42'),(131,8,'Siri Paye, Pakistan','Islamabad view point','tourism.attraction','attraction',NULL,NULL,33.6936689,73.0677633,'[\'tourism\', \'tourism.attraction\', \'tourism.attraction.viewpoint\']',287,NULL,NULL,NULL,NULL,NULL,'geoapify',1,'2026-04-25 02:36:42','2026-04-25 02:36:42'),(132,8,'Siri Paye, Pakistan','Rawal Lake Viewpoint','tourism.attraction','attraction',NULL,NULL,33.7408575,73.0568665,'[\'tourism\', \'tourism.attraction\', \'tourism.attraction.viewpoint\']',695,NULL,NULL,NULL,NULL,NULL,'geoapify',1,'2026-04-25 02:36:42','2026-04-25 02:36:42'),(133,8,'Siri Paye, Pakistan','Mian Asghar ali, H#227, St 32, G8-2','tourism.attraction','attraction',NULL,NULL,33.6982643,73.0435590,'[\'tourism\', \'tourism.attraction\', \'tourism.attraction.viewpoint\']',907,NULL,NULL,NULL,NULL,NULL,'geoapify',1,'2026-04-25 02:36:42','2026-04-25 02:36:42'),(134,8,'Siri Paye, Pakistan','Saudi pak Tower','tourism.attraction','attraction',NULL,NULL,33.7147423,73.0635720,'[\'tourism\', \'tourism.attraction\', \'tourism.attraction.viewpoint\']',213,NULL,NULL,NULL,NULL,NULL,'geoapify',1,'2026-04-25 02:36:42','2026-04-25 02:36:42'),(135,8,'Siri Paye, Pakistan','OGDC','tourism.attraction','attraction',NULL,NULL,33.7229801,73.0798208,'[\'tourism\', \'tourism.attraction\', \'tourism.attraction.viewpoint\']',855,NULL,NULL,NULL,NULL,NULL,'geoapify',1,'2026-04-25 02:36:42','2026-04-25 02:36:42'),(136,8,'Siri Paye, Pakistan','Lake View and access','tourism.attraction','attraction',NULL,NULL,33.6943593,73.1336420,'[\'tourism\', \'tourism.attraction\']',882,NULL,NULL,NULL,NULL,NULL,'geoapify',1,'2026-04-25 02:36:42','2026-04-25 02:36:42'),(137,8,'Siri Paye, Pakistan','Unknown','tourism.attraction','attraction',NULL,NULL,33.7594054,73.0697534,'[\'tourism\', \'tourism.attraction\', \'tourism.attraction.viewpoint\']',492,NULL,NULL,NULL,NULL,NULL,'geoapify',1,'2026-04-25 02:36:42','2026-04-25 02:36:42'),(138,8,'Siri Paye, Pakistan','Unknown','tourism.attraction','attraction',NULL,NULL,33.7450637,73.0822616,'[\'tourism\', \'tourism.attraction\', \'tourism.attraction.viewpoint\']',633,NULL,NULL,NULL,NULL,NULL,'geoapify',1,'2026-04-25 02:36:42','2026-04-25 02:36:42'),(139,10,'Kalam, Pakistan','Kamal restaurant','catering.restaurant','restaurant',NULL,NULL,35.4751772,72.5914623,'[\'catering\', \'catering.restaurant\']',1607,NULL,NULL,NULL,NULL,NULL,'geoapify',1,'2026-04-25 02:36:42','2026-04-25 02:36:42'),(140,10,'Kalam, Pakistan','Hotel Mid Hills','accommodation.hotel','hotel',NULL,NULL,35.4713117,72.5921782,'[\'accommodation\', \'accommodation.hotel\']',10270,NULL,NULL,NULL,NULL,NULL,'geoapify',1,'2026-04-25 02:36:42','2026-04-25 02:36:42'),(141,10,'Kalam, Pakistan','PTDC Motel','accommodation.hotel','hotel',NULL,NULL,35.4802653,72.5865144,'[\'accommodation\', \'accommodation.hotel\']',16748,NULL,NULL,NULL,NULL,NULL,'geoapify',1,'2026-04-25 02:36:42','2026-04-25 02:36:42'),(142,10,'Kalam, Pakistan','Falaksir','accommodation.hotel','hotel',NULL,NULL,35.4812788,72.5867075,'[\'accommodation\', \'accommodation.hotel\']',9891,NULL,NULL,NULL,NULL,NULL,'geoapify',1,'2026-04-25 02:36:43','2026-04-25 02:36:43'),(143,10,'Kalam, Pakistan','Hotel Heaven Breeze','accommodation.hotel','hotel',NULL,NULL,35.4787888,72.5850016,'[\'accommodation\', \'accommodation.hotel\']',3367,NULL,NULL,NULL,NULL,NULL,'geoapify',1,'2026-04-25 02:36:43','2026-04-25 02:36:43'),(144,10,'Kalam, Pakistan','Hotel Mid Hills','accommodation.hotel','hotel',NULL,NULL,35.4719939,72.5916939,'[\'accommodation\', \'accommodation.hotel\']',12913,NULL,NULL,NULL,NULL,NULL,'geoapify',1,'2026-04-25 02:36:43','2026-04-25 02:36:43'),(145,10,'Kalam, Pakistan','Blue Ocean Hotel Kalam','accommodation.hotel','hotel',NULL,NULL,35.4886286,72.5842108,'[\'accommodation\', \'accommodation.hotel\']',11110,NULL,NULL,NULL,NULL,NULL,'geoapify',1,'2026-04-25 02:36:43','2026-04-25 02:36:43'),(146,10,'Kalam, Pakistan','Hotel Diamond Hills','accommodation.hotel','hotel',NULL,NULL,35.4720522,72.5911167,'[\'accommodation\', \'accommodation.hotel\']',18669,NULL,NULL,NULL,NULL,NULL,'geoapify',1,'2026-04-25 02:36:43','2026-04-25 02:36:43'),(147,10,'Kalam, Pakistan','Hotel Diamond Hills, Kalam','accommodation.hotel','hotel',NULL,NULL,35.4706569,72.5922588,'[\'accommodation\', \'accommodation.hotel\']',6277,NULL,NULL,NULL,NULL,NULL,'geoapify',1,'2026-04-25 02:36:43','2026-04-25 02:36:43'),(148,10,'Kalam, Pakistan','Honeymoon Hotel','accommodation.hotel','hotel',NULL,NULL,35.4723596,72.5912646,'[\'accommodation\', \'accommodation.hotel\']',8444,NULL,NULL,NULL,NULL,NULL,'geoapify',1,'2026-04-25 02:36:43','2026-04-25 02:36:43'),(149,10,'Kalam, Pakistan','Unknown','accommodation.hotel','hotel',NULL,NULL,35.4886584,72.5842327,'[\'accommodation\', \'accommodation.hotel\', \'building\', \'building.accommodation\']',5409,NULL,NULL,NULL,NULL,NULL,'geoapify',1,'2026-04-25 02:36:43','2026-04-25 02:36:43'),(150,10,'Kalam, Pakistan','Unknown','accommodation.hotel','hotel',NULL,NULL,35.4778842,72.5882859,'[\'accommodation\', \'accommodation.hotel\']',19313,NULL,NULL,NULL,NULL,NULL,'geoapify',1,'2026-04-25 02:36:43','2026-04-25 02:36:43'),(151,10,'Kalam, Pakistan','View of valleys north and northwest','tourism.attraction','attraction',NULL,NULL,35.5114541,72.5707779,'[\'tourism\', \'tourism.attraction\', \'tourism.attraction.viewpoint\']',486,NULL,NULL,NULL,NULL,NULL,'geoapify',1,'2026-04-25 02:36:43','2026-04-25 02:36:43'),(152,10,'Kalam, Pakistan','End of paved road','tourism.attraction','attraction',NULL,NULL,35.5184201,72.5611088,'[\'tourism\', \'tourism.attraction\']',253,NULL,NULL,NULL,NULL,NULL,'geoapify',1,'2026-04-25 02:36:43','2026-04-25 02:36:43'),(153,10,'Kalam, Pakistan','View of valley northeast','tourism.attraction','attraction',NULL,NULL,35.5043524,72.5835023,'[\'tourism\', \'tourism.attraction\', \'tourism.attraction.viewpoint\']',283,NULL,NULL,NULL,NULL,NULL,'geoapify',1,'2026-04-25 02:36:43','2026-04-25 02:36:43'),(154,11,'Gwadar, Pakistan','امیر حمزہ ڈھابہ','catering.restaurant','restaurant',NULL,NULL,25.1402122,62.3259538,'[\'catering\', \'catering.restaurant\']',2381,NULL,NULL,NULL,NULL,NULL,'geoapify',1,'2026-04-25 02:36:43','2026-04-25 02:36:43'),(155,11,'Gwadar, Pakistan','Hotel Marjan','catering.restaurant','restaurant',NULL,NULL,25.1033671,62.3253453,'[\'catering\', \'catering.restaurant\']',2284,NULL,NULL,NULL,NULL,NULL,'geoapify',1,'2026-04-25 02:36:43','2026-04-25 02:36:43'),(156,11,'Gwadar, Pakistan','Gwader Restaurant','catering.restaurant','restaurant',NULL,NULL,25.1478652,62.3189606,'[\'catering\', \'catering.restaurant\']',2178,NULL,NULL,NULL,NULL,NULL,'geoapify',1,'2026-04-25 02:36:43','2026-04-25 02:36:43'),(157,11,'Gwadar, Pakistan','Pearl Continental Hotel','accommodation.hotel','hotel',NULL,NULL,25.1034949,62.3287430,'[\'accommodation\', \'accommodation.hotel\', \'building\', \'building.accommodation\']',7445,NULL,NULL,NULL,NULL,NULL,'geoapify',1,'2026-04-25 02:36:43','2026-04-25 02:36:43'),(158,11,'Gwadar, Pakistan','Sadaf Resorts','accommodation.hotel','hotel',NULL,NULL,25.1258987,62.3199114,'[\'accommodation\', \'accommodation.hotel\']',7436,NULL,NULL,NULL,NULL,NULL,'geoapify',1,'2026-04-25 02:36:43','2026-04-25 02:36:43'),(159,11,'Gwadar, Pakistan','ایف ایم 91 ریڈیو اسٹیشن گوادر','tourism.attraction','attraction',NULL,NULL,25.1335523,62.3251792,'[\'tourism\', \'tourism.attraction\']',229,NULL,NULL,NULL,NULL,NULL,'geoapify',1,'2026-04-25 02:36:43','2026-04-25 02:36:43'),(160,11,'Gwadar, Pakistan','Gwadar View Point from Koh e Batil','tourism.attraction','attraction',NULL,NULL,25.1170716,62.3188348,'[\'tourism\', \'tourism.attraction\', \'tourism.attraction.viewpoint\']',767,NULL,NULL,NULL,NULL,NULL,'geoapify',1,'2026-04-25 02:36:43','2026-04-25 02:36:43'),(161,13,'Kund Malir, Pakistan','Kund Malir Hotel For Breakfast and Lunch','catering.restaurant','restaurant',NULL,NULL,25.3920736,65.4613318,'[\'catering\', \'catering.restaurant\']',2684,NULL,NULL,NULL,NULL,NULL,'geoapify',1,'2026-04-25 02:36:43','2026-04-25 02:36:43'),(162,13,'Kund Malir, Pakistan','Unknown','catering.restaurant','restaurant',NULL,NULL,25.3939497,65.4643131,'[\'catering\', \'catering.restaurant\']',1193,NULL,NULL,NULL,NULL,NULL,'geoapify',1,'2026-04-25 02:36:43','2026-04-25 02:36:43'),(163,13,'Kund Malir, Pakistan','Baloch Beach Resort','accommodation.hotel','hotel',NULL,NULL,25.3913494,65.4640854,'[\'accommodation\', \'accommodation.hotel\']',3214,NULL,NULL,NULL,NULL,NULL,'geoapify',1,'2026-04-25 02:36:43','2026-04-25 02:36:43'),(164,13,'Kund Malir, Pakistan','Kund Malir Beach Viewpoint','tourism.attraction','attraction',NULL,NULL,25.3917090,65.4565972,'[\'tourism\', \'tourism.attraction\', \'tourism.attraction.viewpoint\']',816,NULL,NULL,NULL,NULL,NULL,'geoapify',1,'2026-04-25 02:36:43','2026-04-25 02:36:43'),(165,13,'Kund Malir, Pakistan','Kund Malir Beach','tourism.attraction','attraction',NULL,NULL,25.3919282,65.4602079,'[\'beach\', \'tourism\', \'tourism.attraction\']',183,NULL,NULL,NULL,NULL,NULL,'geoapify',1,'2026-04-25 02:36:43','2026-04-25 02:36:43'),(166,14,'Clifton Beach, Pakistan','Cafe E Street','catering.restaurant','restaurant',NULL,NULL,24.8074221,67.0347031,'[\'catering\', \'catering.restaurant\']',824,NULL,NULL,NULL,NULL,NULL,'geoapify',1,'2026-04-25 02:36:43','2026-04-25 02:36:43'),(167,14,'Clifton Beach, Pakistan','Zameer Ansari Clifton Chapter','catering.restaurant','restaurant',NULL,NULL,24.8329769,67.0386740,'[\'catering\', \'catering.restaurant\']',634,NULL,NULL,NULL,NULL,NULL,'geoapify',1,'2026-04-25 02:36:43','2026-04-25 02:36:43'),(168,14,'Clifton Beach, Pakistan','O','catering.restaurant','restaurant',NULL,NULL,24.8294366,67.0521609,'[\'catering\', \'catering.restaurant\']',1457,NULL,NULL,NULL,NULL,NULL,'geoapify',1,'2026-04-25 02:36:43','2026-04-25 02:36:43'),(169,14,'Clifton Beach, Pakistan','Cafe Delights','catering.restaurant','restaurant',NULL,NULL,24.8110558,67.0176625,'[\'catering\', \'catering.restaurant\']',1810,NULL,NULL,NULL,NULL,NULL,'geoapify',1,'2026-04-25 02:36:43','2026-04-25 02:36:43'),(170,14,'Clifton Beach, Pakistan','Das Numberi','catering.restaurant','restaurant',NULL,NULL,24.7991976,67.0351194,'[\'building\', \'building.catering\', \'catering\', \'catering.restaurant\', \'catering.restaurant.chicken\', \'halal\', \'vegetarian\']',2362,NULL,NULL,NULL,NULL,NULL,'geoapify',1,'2026-04-25 02:36:43','2026-04-25 02:36:43'),(171,14,'Clifton Beach, Pakistan','Clifton Ballroom','catering.restaurant','restaurant',NULL,NULL,24.8345163,67.0360373,'[\'building\', \'building.catering\', \'catering\', \'catering.restaurant\', \'catering.restaurant.regional\']',1852,NULL,NULL,NULL,NULL,NULL,'geoapify',1,'2026-04-25 02:36:43','2026-04-25 02:36:43'),(172,14,'Clifton Beach, Pakistan','Pizza Hut','catering.restaurant','restaurant',NULL,NULL,24.8178494,67.0396574,'[\'catering\', \'catering.restaurant\', \'catering.restaurant.pizza\']',1169,NULL,NULL,NULL,NULL,NULL,'geoapify',1,'2026-04-25 02:36:43','2026-04-25 02:36:43'),(173,14,'Clifton Beach, Pakistan','Cafe Flo','catering.restaurant','restaurant',NULL,NULL,24.8071438,67.0339346,'[\'catering\', \'catering.restaurant\']',1342,NULL,NULL,NULL,NULL,NULL,'geoapify',1,'2026-04-25 02:36:43','2026-04-25 02:36:43'),(174,14,'Clifton Beach, Pakistan','Master Biryani','catering.restaurant','restaurant',NULL,NULL,24.8525044,67.0067299,'[\'catering\', \'catering.restaurant\', \'catering.restaurant.asian\']',2058,NULL,NULL,NULL,NULL,NULL,'geoapify',1,'2026-04-25 02:36:43','2026-04-25 02:36:43'),(175,14,'Clifton Beach, Pakistan','پیزا ہٹ','catering.restaurant','restaurant',NULL,NULL,24.8022831,67.0294178,'[\'catering\', \'catering.restaurant\', \'catering.restaurant.pizza\']',1332,NULL,NULL,NULL,NULL,NULL,'geoapify',1,'2026-04-25 02:36:43','2026-04-25 02:36:43'),(176,14,'Clifton Beach, Pakistan','پیزا ہٹ','catering.restaurant','restaurant',NULL,NULL,24.8479541,67.0064283,'[\'catering\', \'catering.restaurant\', \'catering.restaurant.pizza\']',1263,NULL,NULL,NULL,NULL,NULL,'geoapify',1,'2026-04-25 02:36:43','2026-04-25 02:36:43'),(177,14,'Clifton Beach, Pakistan','Kababjees Pizza Clifton','catering.restaurant','restaurant',NULL,NULL,24.8351440,67.0364761,'[\'catering\', \'catering.restaurant\']',1307,NULL,NULL,NULL,NULL,NULL,'geoapify',1,'2026-04-25 02:36:43','2026-04-25 02:36:43'),(178,14,'Clifton Beach, Pakistan','افغان بخاری ریستوران','catering.restaurant','restaurant',NULL,NULL,24.8231505,66.9787094,'[\'catering\', \'catering.restaurant\', \'catering.restaurant.afghan\', \'halal\', \'halal.only\']',2643,NULL,NULL,NULL,NULL,NULL,'geoapify',1,'2026-04-25 02:36:43','2026-04-25 02:36:43'),(179,14,'Clifton Beach, Pakistan','China Town Resturant','catering.restaurant','restaurant',NULL,NULL,24.8108892,67.0180925,'[\'catering\', \'catering.restaurant\']',2922,NULL,NULL,NULL,NULL,NULL,'geoapify',1,'2026-04-25 02:36:43','2026-04-25 02:36:43'),(180,14,'Clifton Beach, Pakistan','BBQ Tonight Resturant - Clifton','catering.restaurant','restaurant',NULL,NULL,24.8160056,67.0211076,'[\'catering\', \'catering.restaurant\']',1689,NULL,NULL,NULL,NULL,NULL,'geoapify',1,'2026-04-25 02:36:43','2026-04-25 02:36:43'),(181,14,'Clifton Beach, Pakistan','Pizza Point','catering.restaurant','restaurant',NULL,NULL,24.7981282,67.0451656,'[\'catering\', \'catering.restaurant\']',1083,NULL,NULL,NULL,NULL,NULL,'geoapify',1,'2026-04-25 02:36:43','2026-04-25 02:36:43'),(182,14,'Clifton Beach, Pakistan','Ginsoy','catering.restaurant','restaurant',NULL,NULL,24.7971518,67.0459737,'[\'catering\', \'catering.restaurant\']',1862,NULL,NULL,NULL,NULL,NULL,'geoapify',1,'2026-04-25 02:36:43','2026-04-25 02:36:43'),(183,14,'Clifton Beach, Pakistan','Cafe 51- Zamzama','catering.restaurant','restaurant',NULL,NULL,24.8185563,67.0398850,'[\'catering\', \'catering.restaurant\']',1734,NULL,NULL,NULL,NULL,NULL,'geoapify',1,'2026-04-25 02:36:43','2026-04-25 02:36:43'),(184,14,'Clifton Beach, Pakistan','Unknown','catering.restaurant','restaurant',NULL,NULL,24.7996059,67.0568508,'[\'catering\', \'catering.restaurant\', \'halal\']',2889,NULL,NULL,NULL,NULL,NULL,'geoapify',1,'2026-04-25 02:36:43','2026-04-25 02:36:43'),(185,14,'Clifton Beach, Pakistan','Maryam and mama - DHA','catering.restaurant','restaurant',NULL,NULL,24.7938108,67.0481712,'[\'catering\', \'catering.restaurant\']',2272,NULL,NULL,NULL,NULL,NULL,'geoapify',1,'2026-04-25 02:36:43','2026-04-25 02:36:43'),(186,14,'Clifton Beach, Pakistan','Destination Beach Hotel by Dreamworld','accommodation.hotel','hotel',NULL,NULL,24.7973481,66.9711738,'[\'accommodation\', \'accommodation.hotel\', \'building\', \'building.accommodation\', \'internet_access\', \'wheelchair\', \'wheelchair.yes\']',7963,NULL,NULL,NULL,NULL,NULL,'geoapify',1,'2026-04-25 02:36:43','2026-04-25 02:36:43'),(187,14,'Clifton Beach, Pakistan','Mövenpick Hotel Karachi','accommodation.hotel','hotel',NULL,NULL,24.8470559,67.0262002,'[\'accommodation\', \'accommodation.hotel\']',4485,NULL,NULL,NULL,NULL,NULL,'geoapify',1,'2026-04-25 02:36:43','2026-04-25 02:36:43'),(188,14,'Clifton Beach, Pakistan','Shelton House','accommodation.hotel','hotel',NULL,NULL,24.7957365,67.0454083,'[\'accommodation\', \'accommodation.hotel\']',8588,NULL,NULL,NULL,NULL,NULL,'geoapify',1,'2026-04-25 02:36:43','2026-04-25 02:36:43'),(189,14,'Clifton Beach, Pakistan','Avari Towers','accommodation.hotel','hotel',NULL,NULL,24.8523393,67.0319199,'[\'accommodation\', \'accommodation.hotel\']',18683,NULL,NULL,NULL,NULL,NULL,'geoapify',1,'2026-04-25 02:36:43','2026-04-25 02:36:43'),(190,14,'Clifton Beach, Pakistan','Mehran Hotel','accommodation.hotel','hotel',NULL,NULL,24.8518703,67.0337149,'[\'accommodation\', \'accommodation.hotel\', \'internet_access\']',13797,NULL,NULL,NULL,NULL,NULL,'geoapify',1,'2026-04-25 02:36:43','2026-04-25 02:36:43'),(191,14,'Clifton Beach, Pakistan','Rangers Mess','accommodation.hotel','hotel',NULL,NULL,24.8442026,67.0191746,'[\'accommodation\', \'accommodation.hotel\', \'internet_access\']',12782,NULL,NULL,NULL,NULL,NULL,'geoapify',1,'2026-04-25 02:36:43','2026-04-25 02:36:43'),(192,14,'Clifton Beach, Pakistan','Niaz hotel','accommodation.hotel','hotel',NULL,NULL,24.8112174,67.0351321,'[\'accommodation\', \'accommodation.hotel\']',15819,NULL,NULL,NULL,NULL,NULL,'geoapify',1,'2026-04-25 02:36:43','2026-04-25 02:36:43'),(193,14,'Clifton Beach, Pakistan','Best Family Guest House','accommodation.hotel','hotel',NULL,NULL,24.8270363,67.0593030,'[\'accommodation\', \'accommodation.hotel\']',7999,NULL,NULL,NULL,NULL,NULL,'geoapify',1,'2026-04-25 02:36:43','2026-04-25 02:36:43'),(194,14,'Clifton Beach, Pakistan','Baloch Officers Mess','accommodation.hotel','hotel',NULL,NULL,24.8535429,67.0315822,'[\'accommodation\', \'accommodation.hotel\', \'building\', \'building.accommodation\']',3091,NULL,NULL,NULL,NULL,NULL,'geoapify',1,'2026-04-25 02:36:43','2026-04-25 02:36:43'),(195,14,'Clifton Beach, Pakistan','Marriott Hotel','accommodation.hotel','hotel',NULL,NULL,24.8460977,67.0311004,'[\'accommodation\', \'accommodation.hotel\', \'building\', \'building.accommodation\']',15747,NULL,NULL,NULL,NULL,NULL,'geoapify',1,'2026-04-25 02:36:43','2026-04-25 02:36:43'),(196,14,'Clifton Beach, Pakistan','Gilani Hotel','accommodation.hotel','hotel',NULL,NULL,24.8429773,67.0383121,'[\'accommodation\', \'accommodation.hotel\', \'building\', \'building.accommodation\']',3404,NULL,NULL,NULL,NULL,NULL,'geoapify',1,'2026-04-25 02:36:43','2026-04-25 02:36:43'),(197,14,'Clifton Beach, Pakistan','Nishat Hotel','accommodation.hotel','hotel',NULL,NULL,24.8428751,67.0384428,'[\'accommodation\', \'accommodation.hotel\', \'building\', \'building.accommodation\']',12295,NULL,NULL,NULL,NULL,NULL,'geoapify',1,'2026-04-25 02:36:43','2026-04-25 02:36:43'),(198,14,'Clifton Beach, Pakistan','Shams Hotel','accommodation.hotel','hotel',NULL,NULL,24.8428925,67.0385965,'[\'accommodation\', \'accommodation.hotel\', \'building\', \'building.accommodation\']',15307,NULL,NULL,NULL,NULL,NULL,'geoapify',1,'2026-04-25 02:36:43','2026-04-25 02:36:43'),(199,14,'Clifton Beach, Pakistan','Aslam Guest House','accommodation.hotel','hotel',NULL,NULL,24.8518286,66.9995775,'[\'accommodation\', \'accommodation.hotel\', \'building\', \'building.accommodation\']',15062,NULL,NULL,NULL,NULL,NULL,'geoapify',1,'2026-04-25 02:36:43','2026-04-25 02:36:43'),(200,14,'Clifton Beach, Pakistan','Marriot Hotel','accommodation.hotel','hotel',NULL,NULL,24.8461876,67.0310703,'[\'accommodation\', \'accommodation.hotel\']',14384,NULL,NULL,NULL,NULL,NULL,'geoapify',1,'2026-04-25 02:36:43','2026-04-25 02:36:43'),(201,14,'Clifton Beach, Pakistan','Pearl Continental Hotel','accommodation.hotel','hotel',NULL,NULL,24.8478294,67.0253220,'[\'accommodation\', \'accommodation.hotel\']',12332,NULL,NULL,NULL,NULL,NULL,'geoapify',1,'2026-04-25 02:36:43','2026-04-25 02:36:43'),(202,14,'Clifton Beach, Pakistan','Avari Beach Luxury Hotel','accommodation.hotel','hotel',NULL,NULL,24.8438592,66.9956082,'[\'accommodation\', \'accommodation.hotel\']',10553,NULL,NULL,NULL,NULL,NULL,'geoapify',1,'2026-04-25 02:36:43','2026-04-25 02:36:43'),(203,14,'Clifton Beach, Pakistan','Pearl Continental Hotel','accommodation.hotel','hotel',NULL,NULL,24.8476272,67.0259569,'[\'accommodation\', \'accommodation.hotel\']',6369,NULL,NULL,NULL,NULL,NULL,'geoapify',1,'2026-04-25 02:36:43','2026-04-25 02:36:43'),(204,14,'Clifton Beach, Pakistan','Seaview Hotel','accommodation.hotel','hotel',NULL,NULL,24.8026402,67.0310723,'[\'accommodation\', \'accommodation.hotel\', \'internet_access\']',3925,NULL,NULL,NULL,NULL,NULL,'geoapify',1,'2026-04-25 02:36:43','2026-04-25 02:36:43'),(205,14,'Clifton Beach, Pakistan','Frontier Hotel -Boat Basin','accommodation.hotel','hotel',NULL,NULL,24.8267208,67.0261603,'[\'accommodation\', \'accommodation.hotel\']',4180,NULL,NULL,NULL,NULL,NULL,'geoapify',1,'2026-04-25 02:36:43','2026-04-25 02:36:43'),(206,14,'Clifton Beach, Pakistan','Arshad Wali Muhammad House','tourism.attraction','attraction',NULL,NULL,24.8378948,67.0568675,'[\'tourism\', \'tourism.attraction\']',536,NULL,NULL,NULL,NULL,NULL,'geoapify',1,'2026-04-25 02:36:43','2026-04-25 02:36:43'),(207,14,'Clifton Beach, Pakistan','Bahria Icon Tower','tourism.attraction','attraction',NULL,NULL,24.8116249,67.0286428,'[\'tourism\', \'tourism.attraction\']',963,NULL,NULL,NULL,NULL,NULL,'geoapify',1,'2026-04-25 02:36:43','2026-04-25 02:36:43'),(208,14,'Clifton Beach, Pakistan','Port Grand','tourism.attraction','attraction',NULL,NULL,24.8444411,66.9921908,'[\'tourism\', \'tourism.attraction\']',742,NULL,NULL,NULL,NULL,NULL,'geoapify',1,'2026-04-25 02:36:43','2026-04-25 02:36:43'),(209,14,'Clifton Beach, Pakistan','Park Towers','tourism.attraction','attraction',NULL,NULL,24.8142147,67.0272906,'[\'tourism\', \'tourism.attraction\']',727,NULL,NULL,NULL,NULL,NULL,'geoapify',1,'2026-04-25 02:36:43','2026-04-25 02:36:43'),(210,14,'Clifton Beach, Pakistan','Port Grand','tourism.attraction','attraction',NULL,NULL,24.8455063,66.9922451,'[\'building\', \'building.tourism\', \'tourism\', \'tourism.attraction\']',143,NULL,NULL,NULL,NULL,NULL,'geoapify',1,'2026-04-25 02:36:43','2026-04-25 02:36:43'),(211,14,'Clifton Beach, Pakistan','pemra','tourism.attraction','attraction',NULL,NULL,24.8274375,67.0272134,'[\'tourism\', \'tourism.attraction\', \'tourism.attraction.artwork\']',226,NULL,NULL,NULL,NULL,NULL,'geoapify',1,'2026-04-25 02:36:43','2026-04-25 02:36:43'),(212,14,'Clifton Beach, Pakistan','Clifton Beach Park','tourism.attraction','attraction',NULL,NULL,24.8044643,67.0263322,'[\'tourism\', \'tourism.attraction\']',621,NULL,NULL,NULL,NULL,NULL,'geoapify',1,'2026-04-25 02:36:43','2026-04-25 02:36:43'),(213,14,'Clifton Beach, Pakistan','Clifton Beach','tourism.attraction','attraction',NULL,NULL,24.8017206,67.0257117,'[\'tourism\', \'tourism.attraction\']',49,NULL,NULL,NULL,NULL,NULL,'geoapify',1,'2026-04-25 02:36:43','2026-04-25 02:36:43'),(214,14,'Clifton Beach, Pakistan','Clifton beach','tourism.attraction','attraction',NULL,NULL,24.8086387,67.0107047,'[\'tourism\', \'tourism.attraction\']',483,NULL,NULL,NULL,NULL,NULL,'geoapify',1,'2026-04-25 02:36:43','2026-04-25 02:36:43'),(215,14,'Clifton Beach, Pakistan','Clifton Beach','tourism.attraction','attraction',NULL,NULL,24.8084846,67.0098854,'[\'tourism\', \'tourism.attraction\']',742,NULL,NULL,NULL,NULL,NULL,'geoapify',1,'2026-04-25 02:36:43','2026-04-25 02:36:43'),(216,14,'Clifton Beach, Pakistan','Mules Mansion','tourism.attraction','attraction',NULL,NULL,24.8196861,66.9758759,'[\'tourism\', \'tourism.attraction\']',770,NULL,NULL,NULL,NULL,NULL,'geoapify',1,'2026-04-25 02:36:43','2026-04-25 02:36:43'),(217,14,'Clifton Beach, Pakistan','Merewether Tower','tourism.attraction','attraction',NULL,NULL,24.8489060,66.9973739,'[\'tourism\', \'tourism.attraction\']',761,NULL,NULL,NULL,NULL,NULL,'geoapify',1,'2026-04-25 02:36:43','2026-04-25 02:36:43'),(218,14,'Clifton Beach, Pakistan','Frere Hall View Point','tourism.attraction','attraction',NULL,NULL,24.8466446,67.0320070,'[\'tourism\', \'tourism.attraction\', \'tourism.attraction.viewpoint\']',551,NULL,NULL,NULL,NULL,NULL,'geoapify',1,'2026-04-25 02:36:43','2026-04-25 02:36:43'),(219,14,'Clifton Beach, Pakistan','al zain','tourism.attraction','attraction',NULL,NULL,24.8283367,66.9641617,'[\'tourism\', \'tourism.attraction\']',495,NULL,NULL,NULL,NULL,NULL,'geoapify',1,'2026-04-25 02:36:43','2026-04-25 02:36:43'),(220,15,'French Beach, Pakistan','Mashallah Awan Hotel','catering.restaurant','restaurant',NULL,NULL,24.8631375,66.8487924,'[\'building\', \'building.catering\', \'catering\', \'catering.restaurant\', \'catering.restaurant.regional\', \'halal\']',1815,NULL,NULL,NULL,NULL,NULL,'geoapify',1,'2026-04-25 02:36:43','2026-04-25 02:36:43'),(221,15,'French Beach, Pakistan','Paradise Point','tourism.attraction','attraction',NULL,NULL,24.8425227,66.7754129,'[\'tourism\', \'tourism.attraction\', \'tourism.attraction.viewpoint\']',78,NULL,NULL,NULL,NULL,NULL,'geoapify',1,'2026-04-25 02:36:43','2026-04-25 02:36:43'),(222,16,'Islamabad, Pakistan','Sliders','catering.restaurant','restaurant',NULL,NULL,33.6932767,73.0154946,'[\'catering\', \'catering.restaurant\', \'internet_access\']',2734,NULL,NULL,NULL,NULL,NULL,'geoapify',1,'2026-04-25 02:36:43','2026-04-25 02:36:43'),(223,16,'Islamabad, Pakistan','Five Diner','catering.restaurant','restaurant',NULL,NULL,33.7229203,73.0593075,'[\'catering\', \'catering.restaurant\', \'gluten_free\']',2469,NULL,NULL,NULL,NULL,NULL,'geoapify',1,'2026-04-25 02:36:43','2026-04-25 02:36:43'),(224,16,'Islamabad, Pakistan','Chop Chop Wok','catering.restaurant','restaurant',NULL,NULL,33.7306203,73.0792580,'[\'catering\', \'catering.restaurant\']',818,NULL,NULL,NULL,NULL,NULL,'geoapify',1,'2026-04-25 02:36:43','2026-04-25 02:36:43'),(225,16,'Islamabad, Pakistan','Aanch Restaurant','catering.restaurant','restaurant',NULL,NULL,33.7300793,73.0769540,'[\'catering\', \'catering.restaurant\', \'halal\']',852,NULL,NULL,NULL,NULL,NULL,'geoapify',1,'2026-04-25 02:36:43','2026-04-25 02:36:43'),(226,16,'Islamabad, Pakistan','The Townhouse Hotel islamabad','catering.restaurant','restaurant',NULL,NULL,33.7190436,73.0542260,'[\'catering\', \'catering.restaurant\']',1548,NULL,NULL,NULL,NULL,NULL,'geoapify',1,'2026-04-25 02:36:43','2026-04-25 02:36:43'),(227,16,'Islamabad, Pakistan','Hana Restaurant','catering.restaurant','restaurant',NULL,NULL,33.6668683,73.0738120,'[\'catering\', \'catering.restaurant\']',2687,NULL,NULL,NULL,NULL,NULL,'geoapify',1,'2026-04-25 02:36:43','2026-04-25 02:36:43'),(228,16,'Islamabad, Pakistan','Best Western','catering.restaurant','restaurant',NULL,NULL,33.6868444,73.1070966,'[\'accommodation\', \'accommodation.hotel\', \'catering\', \'catering.restaurant\']',762,NULL,NULL,NULL,NULL,NULL,'geoapify',1,'2026-04-25 02:36:43','2026-04-25 02:36:43'),(229,16,'Islamabad, Pakistan','Al-Inaab Lebenese Kitchen','catering.restaurant','restaurant',NULL,NULL,33.6753140,73.0140455,'[\'catering\', \'catering.restaurant\']',2383,NULL,NULL,NULL,NULL,NULL,'geoapify',1,'2026-04-25 02:36:43','2026-04-25 02:36:43'),(230,16,'Islamabad, Pakistan','The Pizza Guys','catering.restaurant','restaurant',NULL,NULL,33.7296326,73.0763698,'[\'catering\', \'catering.restaurant\', \'catering.restaurant.pizza\', \'halal\']',1313,NULL,NULL,NULL,NULL,NULL,'geoapify',1,'2026-04-25 02:36:43','2026-04-25 02:36:43'),(231,16,'Islamabad, Pakistan','Daman-e-Koh','catering.restaurant','restaurant',NULL,NULL,33.7383666,73.0570403,'[\'catering\', \'catering.restaurant\', \'tourism\', \'tourism.attraction\', \'tourism.attraction.viewpoint\']',1860,NULL,NULL,NULL,NULL,NULL,'geoapify',1,'2026-04-25 02:36:43','2026-04-25 02:36:43'),(232,16,'Islamabad, Pakistan','The French Club 21','catering.restaurant','restaurant',NULL,NULL,33.7232144,73.1154502,'[\'building\', \'building.catering\', \'catering\', \'catering.restaurant\']',826,NULL,NULL,NULL,NULL,NULL,'geoapify',1,'2026-04-25 02:36:43','2026-04-25 02:36:43'),(233,16,'Islamabad, Pakistan','Savour Foods','catering.restaurant','restaurant',NULL,NULL,33.7132176,73.0634842,'[\'catering\', \'catering.restaurant\']',2342,NULL,NULL,NULL,NULL,NULL,'geoapify',1,'2026-04-25 02:36:43','2026-04-25 02:36:43'),(234,16,'Islamabad, Pakistan','Zaika Des Des Ka','catering.restaurant','restaurant',NULL,NULL,33.6699164,73.0123233,'[\'catering\', \'catering.restaurant\']',535,NULL,NULL,NULL,NULL,NULL,'geoapify',1,'2026-04-25 02:36:43','2026-04-25 02:36:43'),(235,16,'Islamabad, Pakistan','Tuscany Courtyard','catering.restaurant','restaurant',NULL,NULL,33.7355212,73.0782350,'[\'catering\', \'catering.restaurant\', \'catering.restaurant.thai\', \'halal\']',1206,NULL,NULL,NULL,NULL,NULL,'geoapify',1,'2026-04-25 02:36:43','2026-04-25 02:36:43'),(236,16,'Islamabad, Pakistan','The Smokey Cauldron','catering.restaurant','restaurant',NULL,NULL,33.7296699,73.0770447,'[\'catering\', \'catering.restaurant\']',2795,NULL,NULL,NULL,NULL,NULL,'geoapify',1,'2026-04-25 02:36:43','2026-04-25 02:36:43'),(237,16,'Islamabad, Pakistan','Smokey cheese','catering.restaurant','restaurant',NULL,NULL,33.7234527,73.0587904,'[\'catering\', \'catering.restaurant\']',2920,NULL,NULL,NULL,NULL,NULL,'geoapify',1,'2026-04-25 02:36:43','2026-04-25 02:36:43'),(238,16,'Islamabad, Pakistan','Afghan Tikka & Plau House','catering.restaurant','restaurant',NULL,NULL,33.6563341,73.0556256,'[\'catering\', \'catering.restaurant\', \'catering.restaurant.regional\', \'halal\']',1831,NULL,NULL,NULL,NULL,NULL,'geoapify',1,'2026-04-25 02:36:43','2026-04-25 02:36:43'),(239,16,'Islamabad, Pakistan','Nazir Foods','catering.restaurant','restaurant',NULL,NULL,33.6853683,73.0438551,'[\'catering\', \'catering.restaurant\']',2005,NULL,NULL,NULL,NULL,NULL,'geoapify',1,'2026-04-25 02:36:43','2026-04-25 02:36:43'),(240,16,'Islamabad, Pakistan','Noorani Restaurant','catering.restaurant','restaurant',NULL,NULL,33.7110292,73.0382394,'[\'catering\', \'catering.restaurant\']',2288,NULL,NULL,NULL,NULL,NULL,'geoapify',1,'2026-04-25 02:36:43','2026-04-25 02:36:43'),(241,16,'Islamabad, Pakistan','Food Street','catering.restaurant','restaurant',NULL,NULL,33.7174595,73.0849999,'[\'building\', \'building.catering\', \'catering\', \'catering.restaurant\']',1927,NULL,NULL,NULL,NULL,NULL,'geoapify',1,'2026-04-25 02:36:43','2026-04-25 02:36:43'),(242,16,'Islamabad, Pakistan','Jan\'s Palace','accommodation.hotel','hotel',NULL,NULL,33.6503033,73.0612547,'[\'accommodation\', \'accommodation.hotel\', \'internet_access\', \'internet_access.free\']',18687,NULL,NULL,NULL,NULL,NULL,'geoapify',1,'2026-04-25 02:36:43','2026-04-25 02:36:43'),(243,16,'Islamabad, Pakistan','Hill View Hotel','accommodation.hotel','hotel',NULL,NULL,33.7211151,73.0565451,'[\'accommodation\', \'accommodation.hotel\', \'internet_access\']',14972,NULL,NULL,NULL,NULL,NULL,'geoapify',1,'2026-04-25 02:36:43','2026-04-25 02:36:43'),(244,16,'Islamabad, Pakistan','Fortalice Koshar','accommodation.hotel','hotel',NULL,NULL,33.7285610,73.0682710,'[\'accommodation\', \'accommodation.hotel\', \'internet_access\', \'wheelchair\', \'wheelchair.limited\']',16720,NULL,NULL,NULL,NULL,NULL,'geoapify',1,'2026-04-25 02:36:43','2026-04-25 02:36:43'),(245,16,'Islamabad, Pakistan','Comfort Residency','accommodation.hotel','hotel',NULL,NULL,33.7195965,73.0520807,'[\'accommodation\', \'accommodation.hotel\', \'internet_access\', \'internet_access.free\', \'wheelchair\', \'wheelchair.limited\']',4900,NULL,NULL,NULL,NULL,NULL,'geoapify',1,'2026-04-25 02:36:43','2026-04-25 02:36:43'),(246,16,'Islamabad, Pakistan','Hotel Al-Habib','accommodation.hotel','hotel',NULL,NULL,33.7034880,73.0714023,'[\'accommodation\', \'accommodation.hotel\', \'internet_access\']',10035,NULL,NULL,NULL,NULL,NULL,'geoapify',1,'2026-04-25 02:36:43','2026-04-25 02:36:43'),(247,16,'Islamabad, Pakistan','Best Western','accommodation.hotel','hotel',NULL,NULL,33.6868444,73.1070966,'[\'accommodation\', \'accommodation.hotel\', \'catering\', \'catering.restaurant\']',3394,NULL,NULL,NULL,NULL,NULL,'geoapify',1,'2026-04-25 02:36:43','2026-04-25 02:36:43'),(248,16,'Islamabad, Pakistan','Islamabad Premiere Inn','accommodation.hotel','hotel',NULL,NULL,33.7034369,73.0718996,'[\'accommodation\', \'accommodation.hotel\', \'internet_access\']',7836,NULL,NULL,NULL,NULL,NULL,'geoapify',1,'2026-04-25 02:36:43','2026-04-25 02:36:43'),(249,16,'Islamabad, Pakistan','Embassy Lodge','accommodation.hotel','hotel',NULL,NULL,33.6848707,73.1050560,'[\'accommodation\', \'accommodation.hotel\']',5703,NULL,NULL,NULL,NULL,NULL,'geoapify',1,'2026-04-25 02:36:43','2026-04-25 02:36:43'),(250,16,'Islamabad, Pakistan','Islamabad Hotel','accommodation.hotel','hotel',NULL,NULL,33.7161579,73.0844415,'[\'accommodation\', \'accommodation.hotel\', \'building\', \'building.accommodation\']',3682,NULL,NULL,NULL,NULL,NULL,'geoapify',1,'2026-04-25 02:36:43','2026-04-25 02:36:43'),(251,16,'Islamabad, Pakistan','Islamabad Marriott Hotel','accommodation.hotel','hotel',NULL,NULL,33.7327063,73.0871094,'[\'accommodation\', \'accommodation.hotel\', \'building\', \'building.accommodation\']',13372,NULL,NULL,NULL,NULL,NULL,'geoapify',1,'2026-04-25 02:36:43','2026-04-25 02:36:43'),(252,16,'Islamabad, Pakistan','Hotel Margala','accommodation.hotel','hotel',NULL,NULL,33.7084214,73.0988424,'[\'accommodation\', \'accommodation.hotel\', \'internet_access\', \'internet_access.for_customers\']',9287,NULL,NULL,NULL,NULL,NULL,'geoapify',1,'2026-04-25 02:36:43','2026-04-25 02:36:43'),(253,16,'Islamabad, Pakistan','ایلچی کانٹی نینٹل ہوٹل','accommodation.hotel','hotel',NULL,NULL,33.7107225,73.0596301,'[\'accommodation\', \'accommodation.hotel\']',16808,NULL,NULL,NULL,NULL,NULL,'geoapify',1,'2026-04-25 02:36:43','2026-04-25 02:36:43'),(254,16,'Islamabad, Pakistan','Quita and Karachi Kaifai','accommodation.hotel','hotel',NULL,NULL,33.7173172,73.0844228,'[\'accommodation\', \'accommodation.hotel\']',4635,NULL,NULL,NULL,NULL,NULL,'geoapify',1,'2026-04-25 02:36:43','2026-04-25 02:36:43'),(255,16,'Islamabad, Pakistan','Al-Umer','accommodation.hotel','hotel',NULL,NULL,33.7035730,73.0718268,'[\'accommodation\', \'accommodation.hotel\']',18314,NULL,NULL,NULL,NULL,NULL,'geoapify',1,'2026-04-25 02:36:43','2026-04-25 02:36:43'),(256,16,'Islamabad, Pakistan','hotel capital view','accommodation.hotel','hotel',NULL,NULL,33.6547827,73.0702607,'[\'accommodation\', \'accommodation.hotel\']',12085,NULL,NULL,NULL,NULL,NULL,'geoapify',1,'2026-04-25 02:36:43','2026-04-25 02:36:43'),(257,16,'Islamabad, Pakistan','New Cape Grace Guest House','accommodation.hotel','hotel',NULL,NULL,33.7217997,73.0699978,'[\'accommodation\', \'accommodation.hotel\', \'building\', \'building.accommodation\']',7044,NULL,NULL,NULL,NULL,NULL,'geoapify',1,'2026-04-25 02:36:43','2026-04-25 02:36:43'),(258,16,'Islamabad, Pakistan','Serena Hotel','accommodation.hotel','hotel',NULL,NULL,33.7153374,73.1018105,'[\'accommodation\', \'accommodation.hotel\', \'building\', \'building.accommodation\']',19308,NULL,NULL,NULL,NULL,NULL,'geoapify',1,'2026-04-25 02:36:43','2026-04-25 02:36:43'),(259,16,'Islamabad, Pakistan','Laraib Inn','accommodation.hotel','hotel',NULL,NULL,33.6822331,73.0362653,'[\'accommodation\', \'accommodation.hotel\']',5624,NULL,NULL,NULL,NULL,NULL,'geoapify',1,'2026-04-25 02:36:43','2026-04-25 02:36:43'),(260,16,'Islamabad, Pakistan','Serena Hotel - Business Complex','accommodation.hotel','hotel',NULL,NULL,33.7171182,73.1003371,'[\'accommodation\', \'accommodation.hotel\']',14618,NULL,NULL,NULL,NULL,NULL,'geoapify',1,'2026-04-25 02:36:43','2026-04-25 02:36:43'),(261,16,'Islamabad, Pakistan','Serena Hotel','accommodation.hotel','hotel',NULL,NULL,33.7160454,73.1012449,'[\'accommodation\', \'accommodation.hotel\', \'building\', \'building.accommodation\']',17441,NULL,NULL,NULL,NULL,NULL,'geoapify',1,'2026-04-25 02:36:43','2026-04-25 02:36:43'),(262,16,'Islamabad, Pakistan','Hamza APS','tourism.attraction','attraction',NULL,NULL,33.6532558,73.0744226,'[\'tourism\', \'tourism.attraction\']',437,NULL,NULL,NULL,NULL,NULL,'geoapify',1,'2026-04-25 02:36:43','2026-04-25 02:36:43'),(263,16,'Islamabad, Pakistan','Daman-e-Koh','tourism.attraction','attraction',NULL,NULL,33.7383666,73.0570403,'[\'catering\', \'catering.restaurant\', \'tourism\', \'tourism.attraction\', \'tourism.attraction.viewpoint\']',10,NULL,NULL,NULL,NULL,NULL,'geoapify',1,'2026-04-25 02:36:43','2026-04-25 02:36:43'),(264,16,'Islamabad, Pakistan','فاطمہ جناح پارک','tourism.attraction','attraction',NULL,NULL,33.7021194,73.0209926,'[\'leisure\', \'leisure.park\', \'tourism\', \'tourism.attraction\']',533,NULL,NULL,NULL,NULL,NULL,'geoapify',1,'2026-04-25 02:36:43','2026-04-25 02:36:43'),(265,16,'Islamabad, Pakistan','Daman-e-Koh','tourism.attraction','attraction',NULL,NULL,33.7392849,73.0556102,'[\'tourism\', \'tourism.attraction\']',232,NULL,NULL,NULL,NULL,NULL,'geoapify',1,'2026-04-25 02:36:43','2026-04-25 02:36:43'),(266,16,'Islamabad, Pakistan','Potohari','tourism.attraction','attraction',NULL,NULL,33.6991669,73.0833516,'[\'tourism\', \'tourism.attraction\']',248,NULL,NULL,NULL,NULL,NULL,'geoapify',1,'2026-04-25 02:36:43','2026-04-25 02:36:43'),(267,16,'Islamabad, Pakistan','Executive 48 Flats','tourism.attraction','attraction',NULL,NULL,33.7164662,73.0986324,'[\'tourism\', \'tourism.attraction\']',530,NULL,NULL,NULL,NULL,NULL,'geoapify',1,'2026-04-25 02:36:43','2026-04-25 02:36:43'),(268,16,'Islamabad, Pakistan','CADD','tourism.attraction','attraction',NULL,NULL,33.7378239,73.0959494,'[\'tourism\', \'tourism.attraction\']',501,NULL,NULL,NULL,NULL,NULL,'geoapify',1,'2026-04-25 02:36:43','2026-04-25 02:36:43'),(269,16,'Islamabad, Pakistan','راول چوک','tourism.attraction','attraction',NULL,NULL,33.6890095,73.1104315,'[\'tourism\', \'tourism.attraction\', \'tourism.attraction.viewpoint\']',544,NULL,NULL,NULL,NULL,NULL,'geoapify',1,'2026-04-25 02:36:43','2026-04-25 02:36:43'),(270,16,'Islamabad, Pakistan','Pindora / Pandora','tourism.attraction','attraction',NULL,NULL,33.6496103,73.0644148,'[\'tourism\', \'tourism.attraction\']',197,NULL,NULL,NULL,NULL,NULL,'geoapify',1,'2026-04-25 02:36:43','2026-04-25 02:36:43'),(271,16,'Islamabad, Pakistan','Gerry\'s Group','tourism.attraction','attraction',NULL,NULL,33.7272812,73.0434170,'[\'tourism\', \'tourism.attraction\']',174,NULL,NULL,NULL,NULL,NULL,'geoapify',1,'2026-04-25 02:36:43','2026-04-25 02:36:43'),(272,16,'Islamabad, Pakistan','Institute of Engineers Pakistan','tourism.attraction','attraction',NULL,NULL,33.6896033,73.0532622,'[\'tourism\', \'tourism.attraction\']',668,NULL,NULL,NULL,NULL,NULL,'geoapify',1,'2026-04-25 02:36:43','2026-04-25 02:36:43'),(273,16,'Islamabad, Pakistan','Faizabad','tourism.attraction','attraction',NULL,NULL,33.6624676,73.0853793,'[\'tourism\', \'tourism.attraction\', \'tourism.attraction.viewpoint\']',1000,NULL,NULL,NULL,NULL,NULL,'geoapify',1,'2026-04-25 02:36:43','2026-04-25 02:36:43'),(274,16,'Islamabad, Pakistan','Haq Distributor','tourism.attraction','attraction',NULL,NULL,33.6633631,73.0590855,'[\'tourism\', \'tourism.attraction\']',692,NULL,NULL,NULL,NULL,NULL,'geoapify',1,'2026-04-25 02:36:43','2026-04-25 02:36:43'),(275,16,'Islamabad, Pakistan','Haq Distributor','tourism.attraction','attraction',NULL,NULL,33.6633486,73.0590312,'[\'tourism\', \'tourism.attraction\', \'tourism.attraction.artwork\']',605,NULL,NULL,NULL,NULL,NULL,'geoapify',1,'2026-04-25 02:36:43','2026-04-25 02:36:43'),(276,16,'Islamabad, Pakistan','Tealiner','tourism.attraction','attraction',NULL,NULL,33.6953167,73.0509677,'[\'tourism\', \'tourism.attraction\']',106,NULL,NULL,NULL,NULL,NULL,'geoapify',1,'2026-04-25 02:36:43','2026-04-25 02:36:43'),(277,16,'Islamabad, Pakistan','Usman Distributors','tourism.attraction','attraction',NULL,NULL,33.6492537,73.0378311,'[\'tourism\', \'tourism.attraction\']',57,NULL,NULL,NULL,NULL,NULL,'geoapify',1,'2026-04-25 02:36:43','2026-04-25 02:36:43'),(278,16,'Islamabad, Pakistan','Shaheen Foundation','tourism.attraction','attraction',NULL,NULL,33.7107509,73.0196020,'[\'tourism\', \'tourism.attraction\']',463,NULL,NULL,NULL,NULL,NULL,'geoapify',1,'2026-04-25 02:36:43','2026-04-25 02:36:43'),(279,16,'Islamabad, Pakistan','Muhammad Imran Afzal','tourism.attraction','attraction',NULL,NULL,33.6666622,73.0817081,'[\'tourism\', \'tourism.attraction\', \'tourism.attraction.artwork\']',0,NULL,NULL,NULL,NULL,NULL,'geoapify',1,'2026-04-25 02:36:43','2026-04-25 02:36:43'),(280,16,'Islamabad, Pakistan','Mian Amjad H#229, St32, G8-2, Tepo Market ID','tourism.attraction','attraction',NULL,NULL,33.6981418,73.0432992,'[\'tourism\', \'tourism.attraction\', \'tourism.attraction.viewpoint\']',23,NULL,NULL,NULL,NULL,NULL,'geoapify',1,'2026-04-25 02:36:43','2026-04-25 02:36:43'),(281,16,'Islamabad, Pakistan','Islamabad view point','tourism.attraction','attraction',NULL,NULL,33.6936689,73.0677633,'[\'tourism\', \'tourism.attraction\', \'tourism.attraction.viewpoint\']',718,NULL,NULL,NULL,NULL,NULL,'geoapify',1,'2026-04-25 02:36:43','2026-04-25 02:36:43'),(282,17,'Lahore, Pakistan','shahbaz tikka house','catering.restaurant','restaurant',NULL,NULL,31.5675351,74.3249438,'[\'catering\', \'catering.restaurant\', \'catering.restaurant.regional\']',1039,NULL,NULL,NULL,NULL,NULL,'geoapify',1,'2026-04-25 02:36:43','2026-04-25 02:36:43'),(283,17,'Lahore, Pakistan','shahbaz tikka house','catering.restaurant','restaurant',NULL,NULL,31.5675564,74.3249651,'[\'catering\', \'catering.restaurant\', \'catering.restaurant.chicken\', \'halal\']',1032,NULL,NULL,NULL,NULL,NULL,'geoapify',1,'2026-04-25 02:36:43','2026-04-25 02:36:43'),(284,17,'Lahore, Pakistan','shahbaz tikka house','catering.restaurant','restaurant',NULL,NULL,31.5674859,74.3249561,'[\'catering\', \'catering.restaurant\', \'halal\']',1978,NULL,NULL,NULL,NULL,NULL,'geoapify',1,'2026-04-25 02:36:43','2026-04-25 02:36:43'),(285,17,'Lahore, Pakistan','Savour Foods','catering.restaurant','restaurant',NULL,NULL,31.5682295,74.3257415,'[\'catering\', \'catering.restaurant\']',2302,NULL,NULL,NULL,NULL,NULL,'geoapify',1,'2026-04-25 02:36:43','2026-04-25 02:36:43'),(286,17,'Lahore, Pakistan','Tao Pan - Lahore','catering.restaurant','restaurant',NULL,NULL,31.5274817,74.3491469,'[\'catering\', \'catering.restaurant\', \'catering.restaurant.asian\']',1134,NULL,NULL,NULL,NULL,NULL,'geoapify',1,'2026-04-25 02:36:43','2026-04-25 02:36:43'),(287,17,'Lahore, Pakistan','حویلی ریسٹورانٹ','catering.restaurant','restaurant',NULL,NULL,31.5870129,74.3114255,'[\'catering\', \'catering.restaurant\', \'wheelchair\', \'wheelchair.yes\']',998,NULL,NULL,NULL,NULL,NULL,'geoapify',1,'2026-04-25 02:36:43','2026-04-25 02:36:43'),(288,17,'Lahore, Pakistan','Hot Roast (2nd floor)','catering.restaurant','restaurant',NULL,NULL,31.5516501,74.2828726,'[\'catering\', \'catering.restaurant\', \'catering.restaurant.regional\']',2007,NULL,NULL,NULL,NULL,NULL,'geoapify',1,'2026-04-25 02:36:43','2026-04-25 02:36:43'),(289,17,'Lahore, Pakistan','Red Lotus','catering.restaurant','restaurant',NULL,NULL,31.5615410,74.3300432,'[\'catering\', \'catering.restaurant\', \'catering.restaurant.chinese\']',2150,NULL,NULL,NULL,NULL,NULL,'geoapify',1,'2026-04-25 02:36:43','2026-04-25 02:36:43'),(290,17,'Lahore, Pakistan','Fujiayama','catering.restaurant','restaurant',NULL,NULL,31.5586053,74.3279147,'[\'catering\', \'catering.restaurant\', \'catering.restaurant.japanese\']',2938,NULL,NULL,NULL,NULL,NULL,'geoapify',1,'2026-04-25 02:36:43','2026-04-25 02:36:43'),(291,17,'Lahore, Pakistan','The Lakhanvi','catering.restaurant','restaurant',NULL,NULL,31.5589889,74.3273933,'[\'catering\', \'catering.restaurant\', \'catering.restaurant.indian\']',1436,NULL,NULL,NULL,NULL,NULL,'geoapify',1,'2026-04-25 02:36:43','2026-04-25 02:36:43'),(292,17,'Lahore, Pakistan','Taipan Chinese','catering.restaurant','restaurant',NULL,NULL,31.5530146,74.3379788,'[\'catering\', \'catering.restaurant\', \'catering.restaurant.chinese\']',2179,NULL,NULL,NULL,NULL,NULL,'geoapify',1,'2026-04-25 02:36:43','2026-04-25 02:36:43'),(293,17,'Lahore, Pakistan','Bukhara','catering.restaurant','restaurant',NULL,NULL,31.5528976,74.3382373,'[\'catering\', \'catering.restaurant\', \'catering.restaurant.pakistani\']',1589,NULL,NULL,NULL,NULL,NULL,'geoapify',1,'2026-04-25 02:36:43','2026-04-25 02:36:43'),(294,17,'Lahore, Pakistan','Delicious Chicken Biryani 220','catering.restaurant','restaurant',NULL,NULL,31.5210988,74.2913756,'[\'catering\', \'catering.restaurant\']',2130,NULL,NULL,NULL,NULL,NULL,'geoapify',1,'2026-04-25 02:36:43','2026-04-25 02:36:43'),(295,17,'Lahore, Pakistan','Bashir Nan Pakoray','catering.restaurant','restaurant',NULL,NULL,31.5850609,74.3129778,'[\'catering\', \'catering.restaurant\']',1490,NULL,NULL,NULL,NULL,NULL,'geoapify',1,'2026-04-25 02:36:43','2026-04-25 02:36:43'),(296,17,'Lahore, Pakistan','عارف ھوٹل اینڈ ریسٹورنٹ','catering.restaurant','restaurant',NULL,NULL,31.5852626,74.3126871,'[\'catering\', \'catering.restaurant\']',1951,NULL,NULL,NULL,NULL,NULL,'geoapify',1,'2026-04-25 02:36:43','2026-04-25 02:36:43'),(297,17,'Lahore, Pakistan','Fazal Din Phajja Siri Paye - Since 1953','catering.restaurant','restaurant',NULL,NULL,31.5852866,74.3125410,'[\'catering\', \'catering.restaurant\']',2443,NULL,NULL,NULL,NULL,NULL,'geoapify',1,'2026-04-25 02:36:43','2026-04-25 02:36:43'),(298,17,'Lahore, Pakistan','عارف چٹخارہ ہاؤس','catering.restaurant','restaurant',NULL,NULL,31.5853764,74.3122726,'[\'catering\', \'catering.restaurant\']',2161,NULL,NULL,NULL,NULL,NULL,'geoapify',1,'2026-04-25 02:36:43','2026-04-25 02:36:43'),(299,17,'Lahore, Pakistan','Shah Chicken Tawa Roast','catering.restaurant','restaurant',NULL,NULL,31.5855013,74.3122166,'[\'catering\', \'catering.restaurant\']',2867,NULL,NULL,NULL,NULL,NULL,'geoapify',1,'2026-04-25 02:36:43','2026-04-25 02:36:43'),(300,17,'Lahore, Pakistan','Gourmet Marriage','catering.restaurant','restaurant',NULL,NULL,31.5430404,74.3307145,'[\'building\', \'building.catering\', \'catering\', \'catering.restaurant\']',2050,NULL,NULL,NULL,NULL,NULL,'geoapify',1,'2026-04-25 02:36:43','2026-04-25 02:36:43'),(301,17,'Lahore, Pakistan','Grab Your Meal','catering.restaurant','restaurant',NULL,NULL,31.5221750,74.3502244,'[\'building\', \'building.catering\', \'catering\', \'catering.restaurant\']',2382,NULL,NULL,NULL,NULL,NULL,'geoapify',1,'2026-04-25 02:36:43','2026-04-25 02:36:43'),(302,17,'Lahore, Pakistan','Avari Hotel','accommodation.hotel','hotel',NULL,NULL,31.5590982,74.3272214,'[\'accommodation\', \'accommodation.hotel\', \'building\', \'building.accommodation\', \'internet_access\']',11417,NULL,NULL,NULL,NULL,NULL,'geoapify',1,'2026-04-25 02:36:43','2026-04-25 02:36:43'),(303,17,'Lahore, Pakistan','Four Points by Sheraton','accommodation.hotel','hotel',NULL,NULL,31.5615437,74.3298204,'[\'accommodation\', \'accommodation.hotel\', \'building\', \'building.accommodation\']',9261,NULL,NULL,NULL,NULL,NULL,'geoapify',1,'2026-04-25 02:36:43','2026-04-25 02:36:43'),(304,17,'Lahore, Pakistan','Pearl Continental Hotel','accommodation.hotel','hotel',NULL,NULL,31.5524113,74.3380693,'[\'accommodation\', \'accommodation.hotel\', \'building\', \'building.accommodation\']',14713,NULL,NULL,NULL,NULL,NULL,'geoapify',1,'2026-04-25 02:36:43','2026-04-25 02:36:43'),(305,17,'Lahore, Pakistan','Faletti\'s Hotel','accommodation.hotel','hotel',NULL,NULL,31.5614792,74.3279274,'[\'accommodation\', \'accommodation.hotel\', \'building\', \'building.accommodation\', \'internet_access\']',18324,NULL,NULL,NULL,NULL,NULL,'geoapify',1,'2026-04-25 02:36:43','2026-04-25 02:36:43'),(306,17,'Lahore, Pakistan','Carlton Tower Hotel','accommodation.hotel','hotel',NULL,NULL,31.5699209,74.3349973,'[\'accommodation\', \'accommodation.hotel\', \'building\', \'building.accommodation\']',6692,NULL,NULL,NULL,NULL,NULL,'geoapify',1,'2026-04-25 02:36:43','2026-04-25 02:36:43'),(307,17,'Lahore, Pakistan','Luxus Grand Hotel','accommodation.hotel','hotel',NULL,NULL,31.5619127,74.3302746,'[\'accommodation\', \'accommodation.hotel\', \'building\', \'building.accommodation\']',10644,NULL,NULL,NULL,NULL,NULL,'geoapify',1,'2026-04-25 02:36:43','2026-04-25 02:36:43'),(308,17,'Lahore, Pakistan','National Hotel','accommodation.hotel','hotel',NULL,NULL,31.5669235,74.3262999,'[\'accommodation\', \'accommodation.hotel\', \'building\', \'building.accommodation\']',12027,NULL,NULL,NULL,NULL,NULL,'geoapify',1,'2026-04-25 02:36:43','2026-04-25 02:36:43'),(309,17,'Lahore, Pakistan','Lahore Hotel','accommodation.hotel','hotel',NULL,NULL,31.5700027,74.3288932,'[\'accommodation\', \'accommodation.hotel\', \'building\', \'building.accommodation\']',18996,NULL,NULL,NULL,NULL,NULL,'geoapify',1,'2026-04-25 02:36:43','2026-04-25 02:36:43'),(310,17,'Lahore, Pakistan','Shobra Hotel','accommodation.hotel','hotel',NULL,NULL,31.5716753,74.3336046,'[\'accommodation\', \'accommodation.hotel\', \'building\', \'building.accommodation\']',7112,NULL,NULL,NULL,NULL,NULL,'geoapify',1,'2026-04-25 02:36:43','2026-04-25 02:36:43'),(311,17,'Lahore, Pakistan','Hotel One','accommodation.hotel','hotel',NULL,NULL,31.5743553,74.3088403,'[\'accommodation\', \'accommodation.hotel\', \'internet_access\']',12440,NULL,NULL,NULL,NULL,NULL,'geoapify',1,'2026-04-25 02:36:43','2026-04-25 02:36:43'),(312,17,'Lahore, Pakistan','Hotel Marcopolo','accommodation.hotel','hotel',NULL,NULL,31.5654996,74.3293405,'[\'accommodation\', \'accommodation.hotel\']',18424,NULL,NULL,NULL,NULL,NULL,'geoapify',1,'2026-04-25 02:36:43','2026-04-25 02:36:43'),(313,17,'Lahore, Pakistan','Royal Hotel','accommodation.hotel','hotel',NULL,NULL,31.5771207,74.3339728,'[\'accommodation\', \'accommodation.hotel\']',7660,NULL,NULL,NULL,NULL,NULL,'geoapify',1,'2026-04-25 02:36:43','2026-04-25 02:36:43'),(314,17,'Lahore, Pakistan','Ali Umar Hotel & Restaurant','accommodation.hotel','hotel',NULL,NULL,31.5773224,74.3341146,'[\'accommodation\', \'accommodation.hotel\']',11951,NULL,NULL,NULL,NULL,NULL,'geoapify',1,'2026-04-25 02:36:43','2026-04-25 02:36:43'),(315,17,'Lahore, Pakistan','City View Hotel','accommodation.hotel','hotel',NULL,NULL,31.5258424,74.3477883,'[\'accommodation\', \'accommodation.hotel\', \'internet_access\']',11598,NULL,NULL,NULL,NULL,NULL,'geoapify',1,'2026-04-25 02:36:43','2026-04-25 02:36:43'),(316,17,'Lahore, Pakistan','Ambassador Hotel','accommodation.hotel','hotel',NULL,NULL,31.5612614,74.3379451,'[\'accommodation\', \'accommodation.hotel\', \'building\', \'building.accommodation\']',14649,NULL,NULL,NULL,NULL,NULL,'geoapify',1,'2026-04-25 02:36:43','2026-04-25 02:36:43'),(317,17,'Lahore, Pakistan','Grand Millenium Hotel','accommodation.hotel','hotel',NULL,NULL,31.5606655,74.3382888,'[\'accommodation\', \'accommodation.hotel\', \'building\', \'building.accommodation\']',14815,NULL,NULL,NULL,NULL,NULL,'geoapify',1,'2026-04-25 02:36:43','2026-04-25 02:36:43'),(318,17,'Lahore, Pakistan','Indus Hotel','accommodation.hotel','hotel',NULL,NULL,31.5610930,74.3225661,'[\'accommodation\', \'accommodation.hotel\', \'building\', \'building.accommodation\']',10320,NULL,NULL,NULL,NULL,NULL,'geoapify',1,'2026-04-25 02:36:43','2026-04-25 02:36:43'),(319,17,'Lahore, Pakistan','Ramada Hotel and Suites','accommodation.hotel','hotel',NULL,NULL,31.5629146,74.3280324,'[\'accommodation\', \'accommodation.hotel\', \'building\', \'building.accommodation\']',5362,NULL,NULL,NULL,NULL,NULL,'geoapify',1,'2026-04-25 02:36:43','2026-04-25 02:36:43'),(320,17,'Lahore, Pakistan','Lawrence view Hotel','accommodation.hotel','hotel',NULL,NULL,31.5488271,74.3286984,'[\'accommodation\', \'accommodation.hotel\']',8577,NULL,NULL,NULL,NULL,NULL,'geoapify',1,'2026-04-25 02:36:43','2026-04-25 02:36:43'),(321,17,'Lahore, Pakistan','Shifa Hotel','accommodation.hotel','hotel',NULL,NULL,31.5693417,74.3285979,'[\'accommodation\', \'accommodation.hotel\']',18012,NULL,NULL,NULL,NULL,NULL,'geoapify',1,'2026-04-25 02:36:43','2026-04-25 02:36:43'),(322,17,'Lahore, Pakistan','Mehar Das Qulcha','tourism.attraction','attraction',NULL,NULL,31.5823395,74.3176742,'[\'tourism\', \'tourism.attraction\']',19,NULL,NULL,NULL,NULL,NULL,'geoapify',1,'2026-04-25 02:36:43','2026-04-25 02:36:43'),(323,17,'Lahore, Pakistan','حویلی نو نہال سنگھ','tourism.attraction','attraction',NULL,NULL,31.5794622,74.3116212,'[\'building\', \'building.historic\', \'building.tourism\', \'tourism\', \'tourism.attraction\', \'tourism.sights\']',734,NULL,NULL,NULL,NULL,NULL,'geoapify',1,'2026-04-25 02:36:43','2026-04-25 02:36:43'),(324,17,'Lahore, Pakistan','شاہی قلعہ','tourism.attraction','attraction',NULL,NULL,31.5880331,74.3149565,'[\'tourism\', \'tourism.attraction\', \'tourism.sights\', \'tourism.sights.castle\']',928,NULL,NULL,NULL,NULL,NULL,'geoapify',1,'2026-04-25 02:36:43','2026-04-25 02:36:43'),(325,17,'Lahore, Pakistan','مینارِ پاکستان','tourism.attraction','attraction',NULL,NULL,31.5925559,74.3094848,'[\'tourism\', \'tourism.attraction\', \'tourism.sights\', \'tourism.sights.memorial\', \'tourism.sights.memorial.monument\']',90,NULL,NULL,NULL,NULL,NULL,'geoapify',1,'2026-04-25 02:36:43','2026-04-25 02:36:43'),(326,17,'Lahore, Pakistan','اقبال پارک','tourism.attraction','attraction',NULL,NULL,31.5921585,74.3121092,'[\'leisure\', \'leisure.park\', \'tourism\', \'tourism.attraction\']',626,NULL,NULL,NULL,NULL,NULL,'geoapify',1,'2026-04-25 02:36:43','2026-04-25 02:36:43'),(327,17,'Lahore, Pakistan','مقبرہ علامہ اقبال','tourism.attraction','attraction',NULL,NULL,31.5878915,74.3113345,'[\'tourism\', \'tourism.attraction\', \'tourism.sights\', \'tourism.sights.memorial\', \'tourism.sights.memorial.monument\']',677,NULL,NULL,NULL,NULL,NULL,'geoapify',1,'2026-04-25 02:36:43','2026-04-25 02:36:43'),(328,17,'Lahore, Pakistan','گلی سورجن سنگھ','tourism.attraction','attraction',NULL,NULL,31.5827404,74.3258062,'[\'tourism\', \'tourism.attraction\']',756,NULL,NULL,NULL,NULL,NULL,'geoapify',1,'2026-04-25 02:36:43','2026-04-25 02:36:43'),(329,17,'Lahore, Pakistan','Cypress Tomb','tourism.attraction','attraction',NULL,NULL,31.5808983,74.3640555,'[\'building\', \'building.historic\', \'building.tourism\', \'tourism\', \'tourism.attraction\', \'tourism.sights\', \'tourism.sights.memorial\', \'tourism.sights.memorial.tomb\']',997,NULL,NULL,NULL,NULL,NULL,'geoapify',1,'2026-04-25 02:36:43','2026-04-25 02:36:43'),(330,17,'Lahore, Pakistan','Lakshmi Building','tourism.attraction','attraction',NULL,NULL,31.5674605,74.3245394,'[\'building\', \'building.tourism\', \'tourism\', \'tourism.attraction\']',714,NULL,NULL,NULL,NULL,NULL,'geoapify',1,'2026-04-25 02:36:43','2026-04-25 02:36:43'),(331,17,'Lahore, Pakistan','Tomb of Mai Dai','tourism.attraction','attraction',NULL,NULL,31.5926964,74.3547353,'[\'building\', \'building.tourism\', \'tourism\', \'tourism.attraction\']',362,NULL,NULL,NULL,NULL,NULL,'geoapify',1,'2026-04-25 02:36:43','2026-04-25 02:36:43'),(332,17,'Lahore, Pakistan','Lala Moolchand Temple (Abandoned)','tourism.attraction','attraction',NULL,NULL,31.5783364,74.3326586,'[\'building\', \'building.tourism\', \'tourism\', \'tourism.attraction\']',41,NULL,NULL,NULL,NULL,NULL,'geoapify',1,'2026-04-25 02:36:43','2026-04-25 02:36:43'),(333,17,'Lahore, Pakistan','حویلی واجد علی شاہ','tourism.attraction','attraction',NULL,NULL,31.5829818,74.3098205,'[\'building\', \'building.historic\', \'building.tourism\', \'tourism\', \'tourism.attraction\', \'tourism.sights\']',67,NULL,NULL,NULL,NULL,NULL,'geoapify',1,'2026-04-25 02:36:43','2026-04-25 02:36:43'),(334,17,'Lahore, Pakistan','Gawal Mandi Food Street','tourism.attraction','attraction',NULL,NULL,31.5721495,74.3188112,'[\'catering\', \'catering.restaurant\', \'catering.restaurant.regional\', \'tourism\', \'tourism.attraction\']',611,NULL,NULL,NULL,NULL,NULL,'geoapify',1,'2026-04-25 02:36:43','2026-04-25 02:36:43'),(335,17,'Lahore, Pakistan','Kamran Bara Dari','tourism.attraction','attraction',NULL,NULL,31.6066751,74.2933514,'[\'tourism\', \'tourism.attraction\', \'tourism.sights\', \'tourism.sights.memorial\']',117,NULL,NULL,NULL,NULL,NULL,'geoapify',1,'2026-04-25 02:36:43','2026-04-25 02:36:43'),(336,17,'Lahore, Pakistan','Oval','tourism.attraction','attraction',NULL,NULL,31.5727912,74.3067963,'[\'tourism\', \'tourism.attraction\']',365,NULL,NULL,NULL,NULL,NULL,'geoapify',1,'2026-04-25 02:36:43','2026-04-25 02:36:43'),(337,17,'Lahore, Pakistan','Old Building Erected 1858','tourism.attraction','attraction',NULL,NULL,31.5744199,74.3071203,'[\'tourism\', \'tourism.attraction\', \'tourism.attraction.viewpoint\']',126,NULL,NULL,NULL,NULL,NULL,'geoapify',1,'2026-04-25 02:36:43','2026-04-25 02:36:43'),(338,17,'Lahore, Pakistan','Minhas Art Gallery','tourism.attraction','attraction',NULL,NULL,31.5713080,74.3086614,'[\'tourism\', \'tourism.attraction\', \'tourism.attraction.artwork\']',278,NULL,NULL,NULL,NULL,NULL,'geoapify',1,'2026-04-25 02:36:43','2026-04-25 02:36:43'),(339,17,'Lahore, Pakistan','Anarkali Bazar','tourism.attraction','attraction',NULL,NULL,31.5683818,74.3101484,'[\'tourism\', \'tourism.attraction\', \'tourism.attraction.artwork\']',645,NULL,NULL,NULL,NULL,NULL,'geoapify',1,'2026-04-25 02:36:43','2026-04-25 02:36:43'),(340,17,'Lahore, Pakistan','Love Garden ❤','tourism.attraction','attraction',NULL,NULL,31.5734530,74.3062943,'[\'tourism\', \'tourism.attraction\']',409,NULL,NULL,NULL,NULL,NULL,'geoapify',1,'2026-04-25 02:36:43','2026-04-25 02:36:43'),(341,17,'Lahore, Pakistan','Mazang','tourism.attraction','attraction',NULL,NULL,31.5488266,74.3150147,'[\'tourism\', \'tourism.attraction\', \'tourism.attraction.viewpoint\']',913,NULL,NULL,NULL,NULL,NULL,'geoapify',1,'2026-04-25 02:36:43','2026-04-25 02:36:43'),(342,18,'Karachi, Pakistan','Zameer Ansari Clifton Chapter','catering.restaurant','restaurant',NULL,NULL,24.8329769,67.0386740,'[\'catering\', \'catering.restaurant\']',1936,NULL,NULL,NULL,NULL,NULL,'geoapify',1,'2026-04-25 02:36:43','2026-04-25 02:36:43'),(343,18,'Karachi, Pakistan','O','catering.restaurant','restaurant',NULL,NULL,24.8294366,67.0521609,'[\'catering\', \'catering.restaurant\']',1180,NULL,NULL,NULL,NULL,NULL,'geoapify',1,'2026-04-25 02:36:43','2026-04-25 02:36:43'),(344,18,'Karachi, Pakistan','Cafe Delights','catering.restaurant','restaurant',NULL,NULL,24.8110558,67.0176625,'[\'catering\', \'catering.restaurant\']',2712,NULL,NULL,NULL,NULL,NULL,'geoapify',1,'2026-04-25 02:36:43','2026-04-25 02:36:43'),(345,18,'Karachi, Pakistan','Clifton Ballroom','catering.restaurant','restaurant',NULL,NULL,24.8345163,67.0360373,'[\'building\', \'building.catering\', \'catering\', \'catering.restaurant\', \'catering.restaurant.regional\']',820,NULL,NULL,NULL,NULL,NULL,'geoapify',1,'2026-04-25 02:36:43','2026-04-25 02:36:43'),(346,18,'Karachi, Pakistan','Pizza Hut','catering.restaurant','restaurant',NULL,NULL,24.8178494,67.0396574,'[\'catering\', \'catering.restaurant\', \'catering.restaurant.pizza\']',1209,NULL,NULL,NULL,NULL,NULL,'geoapify',1,'2026-04-25 02:36:43','2026-04-25 02:36:43'),(347,18,'Karachi, Pakistan','پیزا ہٹ','catering.restaurant','restaurant',NULL,NULL,24.8782239,67.0665926,'[\'catering\', \'catering.restaurant\', \'catering.restaurant.pizza\']',1440,NULL,NULL,NULL,NULL,NULL,'geoapify',1,'2026-04-25 02:36:43','2026-04-25 02:36:43'),(348,18,'Karachi, Pakistan','Master Biryani','catering.restaurant','restaurant',NULL,NULL,24.8525044,67.0067299,'[\'catering\', \'catering.restaurant\', \'catering.restaurant.asian\']',2809,NULL,NULL,NULL,NULL,NULL,'geoapify',1,'2026-04-25 02:36:43','2026-04-25 02:36:43'),(349,18,'Karachi, Pakistan','پیزا ہٹ','catering.restaurant','restaurant',NULL,NULL,24.8844950,67.0308493,'[\'catering\', \'catering.restaurant\', \'catering.restaurant.pizza\']',685,NULL,NULL,NULL,NULL,NULL,'geoapify',1,'2026-04-25 02:36:43','2026-04-25 02:36:43'),(350,18,'Karachi, Pakistan','پیزا ہٹ','catering.restaurant','restaurant',NULL,NULL,24.8479541,67.0064283,'[\'catering\', \'catering.restaurant\', \'catering.restaurant.pizza\']',1261,NULL,NULL,NULL,NULL,NULL,'geoapify',1,'2026-04-25 02:36:43','2026-04-25 02:36:43'),(351,18,'Karachi, Pakistan','پیزا ہٹ','catering.restaurant','restaurant',NULL,NULL,24.8785740,67.0642223,'[\'catering\', \'catering.restaurant\', \'catering.restaurant.pizza\']',2956,NULL,NULL,NULL,NULL,NULL,'geoapify',1,'2026-04-25 02:36:43','2026-04-25 02:36:43'),(352,18,'Karachi, Pakistan','Pizza Bite','catering.restaurant','restaurant',NULL,NULL,24.8839431,67.0282166,'[\'catering\', \'catering.restaurant\']',1851,NULL,NULL,NULL,NULL,NULL,'geoapify',1,'2026-04-25 02:36:43','2026-04-25 02:36:43'),(353,18,'Karachi, Pakistan','Roastin\' and Rockin\'','catering.restaurant','restaurant',NULL,NULL,24.8869527,67.0601383,'[\'catering\', \'catering.restaurant\']',2900,NULL,NULL,NULL,NULL,NULL,'geoapify',1,'2026-04-25 02:36:43','2026-04-25 02:36:43'),(354,18,'Karachi, Pakistan','Steamy bites','catering.restaurant','restaurant',NULL,NULL,24.8826620,67.0692032,'[\'catering\', \'catering.restaurant\']',1290,NULL,NULL,NULL,NULL,NULL,'geoapify',1,'2026-04-25 02:36:43','2026-04-25 02:36:43'),(355,18,'Karachi, Pakistan','Pizza bake','catering.restaurant','restaurant',NULL,NULL,24.8972794,67.0439713,'[\'catering\', \'catering.restaurant\', \'catering.restaurant.pizza\']',2511,NULL,NULL,NULL,NULL,NULL,'geoapify',1,'2026-04-25 02:36:43','2026-04-25 02:36:43'),(356,18,'Karachi, Pakistan','Kababjees Pizza Clifton','catering.restaurant','restaurant',NULL,NULL,24.8351440,67.0364761,'[\'catering\', \'catering.restaurant\']',2161,NULL,NULL,NULL,NULL,NULL,'geoapify',1,'2026-04-25 02:36:43','2026-04-25 02:36:43'),(357,18,'Karachi, Pakistan','افغان بخاری ریستوران','catering.restaurant','restaurant',NULL,NULL,24.8231505,66.9787094,'[\'catering\', \'catering.restaurant\', \'catering.restaurant.afghan\', \'halal\', \'halal.only\']',1833,NULL,NULL,NULL,NULL,NULL,'geoapify',1,'2026-04-25 02:36:43','2026-04-25 02:36:43'),(358,18,'Karachi, Pakistan','Kababjees','catering.restaurant','restaurant',NULL,NULL,24.8835020,67.0601990,'[\'catering\', \'catering.restaurant\']',1392,NULL,NULL,NULL,NULL,NULL,'geoapify',1,'2026-04-25 02:36:43','2026-04-25 02:36:43'),(359,18,'Karachi, Pakistan','China Town Resturant','catering.restaurant','restaurant',NULL,NULL,24.8108892,67.0180925,'[\'catering\', \'catering.restaurant\']',1728,NULL,NULL,NULL,NULL,NULL,'geoapify',1,'2026-04-25 02:36:43','2026-04-25 02:36:43'),(360,18,'Karachi, Pakistan','BBQ Tonight Resturant - Clifton','catering.restaurant','restaurant',NULL,NULL,24.8160056,67.0211076,'[\'catering\', \'catering.restaurant\']',1002,NULL,NULL,NULL,NULL,NULL,'geoapify',1,'2026-04-25 02:36:43','2026-04-25 02:36:43'),(361,18,'Karachi, Pakistan','صابری نہاری ہاؤس','catering.restaurant','restaurant',NULL,NULL,24.8600147,67.0166162,'[\'catering\', \'catering.restaurant\']',2828,NULL,NULL,NULL,NULL,NULL,'geoapify',1,'2026-04-25 02:36:43','2026-04-25 02:36:43'),(362,18,'Karachi, Pakistan','Mövenpick Hotel Karachi','accommodation.hotel','hotel',NULL,NULL,24.8470559,67.0262002,'[\'accommodation\', \'accommodation.hotel\']',11881,NULL,NULL,NULL,NULL,NULL,'geoapify',1,'2026-04-25 02:36:43','2026-04-25 02:36:43'),(363,18,'Karachi, Pakistan','Hotel Sky Towers','accommodation.hotel','hotel',NULL,NULL,24.8568878,67.0303886,'[\'accommodation\', \'accommodation.hotel\', \'internet_access\', \'internet_access.free\', \'wheelchair\', \'wheelchair.yes\']',13306,NULL,NULL,NULL,NULL,NULL,'geoapify',1,'2026-04-25 02:36:43','2026-04-25 02:36:43'),(364,18,'Karachi, Pakistan','Hotel Al-Mashriq','accommodation.hotel','hotel',NULL,NULL,24.8584941,67.0242098,'[\'accommodation\', \'accommodation.hotel\', \'internet_access\']',10006,NULL,NULL,NULL,NULL,NULL,'geoapify',1,'2026-04-25 02:36:43','2026-04-25 02:36:43'),(365,18,'Karachi, Pakistan','Al Rayyan Hotel','accommodation.hotel','hotel',NULL,NULL,24.8586305,67.0240900,'[\'accommodation\', \'accommodation.hotel\', \'internet_access\']',16120,NULL,NULL,NULL,NULL,NULL,'geoapify',1,'2026-04-25 02:36:43','2026-04-25 02:36:43'),(366,18,'Karachi, Pakistan','Avari Towers','accommodation.hotel','hotel',NULL,NULL,24.8523393,67.0319199,'[\'accommodation\', \'accommodation.hotel\']',11625,NULL,NULL,NULL,NULL,NULL,'geoapify',1,'2026-04-25 02:36:43','2026-04-25 02:36:43'),(367,18,'Karachi, Pakistan','Mehran Hotel','accommodation.hotel','hotel',NULL,NULL,24.8518703,67.0337149,'[\'accommodation\', \'accommodation.hotel\', \'internet_access\']',16764,NULL,NULL,NULL,NULL,NULL,'geoapify',1,'2026-04-25 02:36:43','2026-04-25 02:36:43'),(368,18,'Karachi, Pakistan','Rangers Mess','accommodation.hotel','hotel',NULL,NULL,24.8442026,67.0191746,'[\'accommodation\', \'accommodation.hotel\', \'internet_access\']',16636,NULL,NULL,NULL,NULL,NULL,'geoapify',1,'2026-04-25 02:36:43','2026-04-25 02:36:43'),(369,18,'Karachi, Pakistan','Embassy Inn','accommodation.hotel','hotel',NULL,NULL,24.8591858,67.0577467,'[\'accommodation\', \'accommodation.hotel\', \'internet_access\']',9688,NULL,NULL,NULL,NULL,NULL,'geoapify',1,'2026-04-25 02:36:43','2026-04-25 02:36:43'),(370,18,'Karachi, Pakistan','Muslim Hotel','accommodation.hotel','hotel',NULL,NULL,24.8762194,67.0133634,'[\'accommodation\', \'accommodation.hotel\']',3185,NULL,NULL,NULL,NULL,NULL,'geoapify',1,'2026-04-25 02:36:43','2026-04-25 02:36:43'),(371,18,'Karachi, Pakistan','Niaz hotel','accommodation.hotel','hotel',NULL,NULL,24.8112174,67.0351321,'[\'accommodation\', \'accommodation.hotel\']',6433,NULL,NULL,NULL,NULL,NULL,'geoapify',1,'2026-04-25 02:36:43','2026-04-25 02:36:43'),(372,18,'Karachi, Pakistan','Afsar Ali','accommodation.hotel','hotel',NULL,NULL,24.8986267,67.0353266,'[\'accommodation\', \'accommodation.hotel\']',18022,NULL,NULL,NULL,NULL,NULL,'geoapify',1,'2026-04-25 02:36:43','2026-04-25 02:36:43'),(373,18,'Karachi, Pakistan','Best Family Guest House','accommodation.hotel','hotel',NULL,NULL,24.8270363,67.0593030,'[\'accommodation\', \'accommodation.hotel\']',17043,NULL,NULL,NULL,NULL,NULL,'geoapify',1,'2026-04-25 02:36:43','2026-04-25 02:36:43'),(374,18,'Karachi, Pakistan','Rapid Hotel Amenities','accommodation.hotel','hotel',NULL,NULL,24.8823105,67.0292885,'[\'accommodation\', \'accommodation.hotel\']',15387,NULL,NULL,NULL,NULL,NULL,'geoapify',1,'2026-04-25 02:36:43','2026-04-25 02:36:43'),(375,18,'Karachi, Pakistan','Bandash Hotel - بندش ہوٹل','accommodation.hotel','hotel',NULL,NULL,24.8958020,66.9954322,'[\'accommodation\', \'accommodation.hotel\']',14142,NULL,NULL,NULL,NULL,NULL,'geoapify',1,'2026-04-25 02:36:43','2026-04-25 02:36:43'),(376,18,'Karachi, Pakistan','Quetta Al- Harmeen Hotal, کوئٹہ الحرمین ہوٹل','accommodation.hotel','hotel',NULL,NULL,24.8975219,66.9720025,'[\'accommodation\', \'accommodation.hotel\']',19863,NULL,NULL,NULL,NULL,NULL,'geoapify',1,'2026-04-25 02:36:43','2026-04-25 02:36:43'),(377,18,'Karachi, Pakistan','Shabbir Homes','accommodation.hotel','hotel',NULL,NULL,24.8849148,66.9870534,'[\'accommodation\', \'accommodation.hotel\']',9582,NULL,NULL,NULL,NULL,NULL,'geoapify',1,'2026-04-25 02:36:43','2026-04-25 02:36:43'),(378,18,'Karachi, Pakistan','Ameer Uddin Sheermal House v امیرالدین شیرمال ھاوس قائم شدہ1998','accommodation.hotel','hotel',NULL,NULL,24.8842288,67.0507868,'[\'accommodation\', \'accommodation.hotel\']',12583,NULL,NULL,NULL,NULL,NULL,'geoapify',1,'2026-04-25 02:36:43','2026-04-25 02:36:43'),(379,18,'Karachi, Pakistan','کو ئٹہ جمال درانی ہوٹل.','accommodation.hotel','hotel',NULL,NULL,24.8635580,67.0304345,'[\'accommodation\', \'accommodation.hotel\']',10422,NULL,NULL,NULL,NULL,NULL,'geoapify',1,'2026-04-25 02:36:43','2026-04-25 02:36:43'),(380,18,'Karachi, Pakistan','Baloch Officers Mess','accommodation.hotel','hotel',NULL,NULL,24.8535429,67.0315822,'[\'accommodation\', \'accommodation.hotel\', \'building\', \'building.accommodation\']',5209,NULL,NULL,NULL,NULL,NULL,'geoapify',1,'2026-04-25 02:36:43','2026-04-25 02:36:43'),(381,18,'Karachi, Pakistan','Karwan Hotel','accommodation.hotel','hotel',NULL,NULL,24.8601054,67.0011369,'[\'accommodation\', \'accommodation.hotel\', \'building\', \'building.accommodation\']',7797,NULL,NULL,NULL,NULL,NULL,'geoapify',1,'2026-04-25 02:36:43','2026-04-25 02:36:43'),(382,18,'Karachi, Pakistan','Arshad Wali Muhammad House','tourism.attraction','attraction',NULL,NULL,24.8378948,67.0568675,'[\'tourism\', \'tourism.attraction\']',941,NULL,NULL,NULL,NULL,NULL,'geoapify',1,'2026-04-25 02:36:43','2026-04-25 02:36:43'),(383,18,'Karachi, Pakistan','Bahria Icon Tower','tourism.attraction','attraction',NULL,NULL,24.8116249,67.0286428,'[\'tourism\', \'tourism.attraction\']',62,NULL,NULL,NULL,NULL,NULL,'geoapify',1,'2026-04-25 02:36:43','2026-04-25 02:36:43'),(384,18,'Karachi, Pakistan','Port Grand','tourism.attraction','attraction',NULL,NULL,24.8444411,66.9921908,'[\'tourism\', \'tourism.attraction\']',825,NULL,NULL,NULL,NULL,NULL,'geoapify',1,'2026-04-25 02:36:43','2026-04-25 02:36:43'),(385,18,'Karachi, Pakistan','Park Towers','tourism.attraction','attraction',NULL,NULL,24.8142147,67.0272906,'[\'tourism\', \'tourism.attraction\']',353,NULL,NULL,NULL,NULL,NULL,'geoapify',1,'2026-04-25 02:36:43','2026-04-25 02:36:43'),(386,18,'Karachi, Pakistan','Reptile House','tourism.attraction','attraction',NULL,NULL,24.8757620,67.0236034,'[\'tourism\', \'tourism.attraction\']',624,NULL,NULL,NULL,NULL,NULL,'geoapify',1,'2026-04-25 02:36:43','2026-04-25 02:36:43'),(387,18,'Karachi, Pakistan','Muhammad Farooq Motlani Road','tourism.attraction','attraction',NULL,NULL,24.8769653,67.0463252,'[\'highway\', \'highway.residential\', \'tourism\', \'tourism.attraction\']',278,NULL,NULL,NULL,NULL,NULL,'geoapify',1,'2026-04-25 02:36:43','2026-04-25 02:36:43'),(388,18,'Karachi, Pakistan','Port Grand','tourism.attraction','attraction',NULL,NULL,24.8455063,66.9922451,'[\'building\', \'building.tourism\', \'tourism\', \'tourism.attraction\']',701,NULL,NULL,NULL,NULL,NULL,'geoapify',1,'2026-04-25 02:36:43','2026-04-25 02:36:43'),(389,18,'Karachi, Pakistan','pemra','tourism.attraction','attraction',NULL,NULL,24.8274375,67.0272134,'[\'tourism\', \'tourism.attraction\', \'tourism.attraction.artwork\']',518,NULL,NULL,NULL,NULL,NULL,'geoapify',1,'2026-04-25 02:36:43','2026-04-25 02:36:43'),(390,18,'Karachi, Pakistan','Vikor enterprises (pvt) ltd.','tourism.attraction','attraction',NULL,NULL,24.8873754,66.9716123,'[\'tourism\', \'tourism.attraction\', \'tourism.attraction.artwork\']',229,NULL,NULL,NULL,NULL,NULL,'geoapify',1,'2026-04-25 02:36:43','2026-04-25 02:36:43'),(391,18,'Karachi, Pakistan','Saleem and sons musical instruments store','tourism.attraction','attraction',NULL,NULL,24.8606004,67.0178273,'[\'tourism\', \'tourism.attraction\', \'tourism.attraction.artwork\']',609,NULL,NULL,NULL,NULL,NULL,'geoapify',1,'2026-04-25 02:36:43','2026-04-25 02:36:43'),(392,18,'Karachi, Pakistan','Old \"Bank of India\" building','tourism.attraction','attraction',NULL,NULL,24.8541206,67.0065688,'[\'tourism\', \'tourism.attraction\']',96,NULL,NULL,NULL,NULL,NULL,'geoapify',1,'2026-04-25 02:36:43','2026-04-25 02:36:43'),(393,18,'Karachi, Pakistan','Mules Mansion','tourism.attraction','attraction',NULL,NULL,24.8196861,66.9758759,'[\'tourism\', \'tourism.attraction\']',616,NULL,NULL,NULL,NULL,NULL,'geoapify',1,'2026-04-25 02:36:43','2026-04-25 02:36:43'),(394,18,'Karachi, Pakistan','Merewether Tower','tourism.attraction','attraction',NULL,NULL,24.8489060,66.9973739,'[\'tourism\', \'tourism.attraction\']',13,NULL,NULL,NULL,NULL,NULL,'geoapify',1,'2026-04-25 02:36:43','2026-04-25 02:36:43'),(395,18,'Karachi, Pakistan','Frere Hall View Point','tourism.attraction','attraction',NULL,NULL,24.8466446,67.0320070,'[\'tourism\', \'tourism.attraction\', \'tourism.attraction.viewpoint\']',732,NULL,NULL,NULL,NULL,NULL,'geoapify',1,'2026-04-25 02:36:43','2026-04-25 02:36:43'),(396,18,'Karachi, Pakistan','Flamingo','tourism.attraction','attraction',NULL,NULL,24.8749751,67.0236170,'[\'tourism\', \'tourism.attraction\']',975,NULL,NULL,NULL,NULL,NULL,'geoapify',1,'2026-04-25 02:36:43','2026-04-25 02:36:43'),(397,18,'Karachi, Pakistan','Zoo Safari Train','tourism.attraction','attraction',NULL,NULL,24.8760613,67.0239709,'[\'tourism\', \'tourism.attraction\']',316,NULL,NULL,NULL,NULL,NULL,'geoapify',1,'2026-04-25 02:36:43','2026-04-25 02:36:43'),(398,18,'Karachi, Pakistan','Flower exhibition','tourism.attraction','attraction',NULL,NULL,24.8760053,67.0234800,'[\'tourism\', \'tourism.attraction\']',66,NULL,NULL,NULL,NULL,NULL,'geoapify',1,'2026-04-25 02:36:43','2026-04-25 02:36:43'),(399,18,'Karachi, Pakistan','Chimpanzee','tourism.attraction','attraction',NULL,NULL,24.8751042,67.0243847,'[\'tourism\', \'tourism.attraction\']',547,NULL,NULL,NULL,NULL,NULL,'geoapify',1,'2026-04-25 02:36:43','2026-04-25 02:36:43'),(400,18,'Karachi, Pakistan','Karachi Zoo','tourism.attraction','attraction',NULL,NULL,24.8762391,67.0233090,'[\'tourism\', \'tourism.attraction\']',349,NULL,NULL,NULL,NULL,NULL,'geoapify',1,'2026-04-25 02:36:43','2026-04-25 02:36:43'),(401,18,'Karachi, Pakistan','White Lion','tourism.attraction','attraction',NULL,NULL,24.8747038,67.0237029,'[\'tourism\', \'tourism.attraction\']',103,NULL,NULL,NULL,NULL,NULL,'geoapify',1,'2026-04-25 02:36:43','2026-04-25 02:36:43'),(402,19,'Peshawar, Pakistan','Asian Wok Peshawar','catering.restaurant','restaurant',NULL,NULL,33.9970447,71.5298563,'[\'catering\', \'catering.restaurant\', \'catering.restaurant.chinese\']',1887,NULL,NULL,NULL,NULL,NULL,'geoapify',1,'2026-04-25 02:36:43','2026-04-25 02:36:43'),(403,19,'Peshawar, Pakistan','Haleem Ghar','catering.restaurant','restaurant',NULL,NULL,34.0152217,71.5786445,'[\'catering\', \'catering.restaurant\', \'internet_access\']',2844,NULL,NULL,NULL,NULL,NULL,'geoapify',1,'2026-04-25 02:36:43','2026-04-25 02:36:43'),(404,19,'Peshawar, Pakistan','Mr Cod, Gulbahar Branch','catering.restaurant','restaurant',NULL,NULL,34.0108376,71.5974579,'[\'catering\', \'catering.restaurant\']',899,NULL,NULL,NULL,NULL,NULL,'geoapify',1,'2026-04-25 02:36:43','2026-04-25 02:36:43'),(405,19,'Peshawar, Pakistan','کے ایف سی','catering.restaurant','restaurant',NULL,NULL,34.0072935,71.5255332,'[\'catering\', \'catering.restaurant\', \'catering.restaurant.chicken\']',1692,NULL,NULL,NULL,NULL,NULL,'geoapify',1,'2026-04-25 02:36:43','2026-04-25 02:36:43'),(406,19,'Peshawar, Pakistan','charsi tikka peshawar','catering.restaurant','restaurant',NULL,NULL,33.9998143,71.5307902,'[\'building\', \'building.catering\', \'catering\', \'catering.restaurant\']',542,NULL,NULL,NULL,NULL,NULL,'geoapify',1,'2026-04-25 02:36:43','2026-04-25 02:36:43'),(407,19,'Peshawar, Pakistan','Rehmania','catering.restaurant','restaurant',NULL,NULL,34.0156018,71.6005702,'[\'building\', \'building.catering\', \'catering\', \'catering.restaurant\']',956,NULL,NULL,NULL,NULL,NULL,'geoapify',1,'2026-04-25 02:36:43','2026-04-25 02:36:43'),(408,19,'Peshawar, Pakistan','Sunrise Hotel','catering.restaurant','restaurant',NULL,NULL,34.0148524,71.5813228,'[\'building\', \'building.catering\', \'catering\', \'catering.restaurant\']',550,NULL,NULL,NULL,NULL,NULL,'geoapify',1,'2026-04-25 02:36:43','2026-04-25 02:36:43'),(409,19,'Peshawar, Pakistan','Lahori Kulfa','catering.restaurant','restaurant',NULL,NULL,33.9971386,71.5379515,'[\'building\', \'building.catering\', \'catering\', \'catering.restaurant\']',2201,NULL,NULL,NULL,NULL,NULL,'geoapify',1,'2026-04-25 02:36:43','2026-04-25 02:36:43'),(410,19,'Peshawar, Pakistan','Jani Cone','catering.restaurant','restaurant',NULL,NULL,33.9974675,71.5371071,'[\'building\', \'building.catering\', \'catering\', \'catering.restaurant\']',1662,NULL,NULL,NULL,NULL,NULL,'geoapify',1,'2026-04-25 02:36:43','2026-04-25 02:36:43'),(411,19,'Peshawar, Pakistan','Juice Burger Point','catering.restaurant','restaurant',NULL,NULL,33.9962199,71.5358594,'[\'building\', \'building.catering\', \'catering\', \'catering.restaurant\']',2576,NULL,NULL,NULL,NULL,NULL,'geoapify',1,'2026-04-25 02:36:43','2026-04-25 02:36:43'),(412,19,'Peshawar, Pakistan','Food Point','catering.restaurant','restaurant',NULL,NULL,33.9967995,71.5377671,'[\'building\', \'building.catering\', \'catering\', \'catering.restaurant\']',971,NULL,NULL,NULL,NULL,NULL,'geoapify',1,'2026-04-25 02:36:43','2026-04-25 02:36:43'),(413,19,'Peshawar, Pakistan','Adnan Burger','catering.restaurant','restaurant',NULL,NULL,33.9957423,71.5361330,'[\'building\', \'building.catering\', \'catering\', \'catering.restaurant\']',927,NULL,NULL,NULL,NULL,NULL,'geoapify',1,'2026-04-25 02:36:43','2026-04-25 02:36:43'),(414,19,'Peshawar, Pakistan','Hamdan Sweets and Bakers','catering.restaurant','restaurant',NULL,NULL,33.9973128,71.5399683,'[\'building\', \'building.catering\', \'catering\', \'catering.restaurant\']',2099,NULL,NULL,NULL,NULL,NULL,'geoapify',1,'2026-04-25 02:36:43','2026-04-25 02:36:43'),(415,19,'Peshawar, Pakistan','Peshawari Foods','catering.restaurant','restaurant',NULL,NULL,33.9973735,71.5402832,'[\'building\', \'building.catering\', \'catering\', \'catering.restaurant\']',2452,NULL,NULL,NULL,NULL,NULL,'geoapify',1,'2026-04-25 02:36:43','2026-04-25 02:36:43'),(416,19,'Peshawar, Pakistan','Doner Istanbul','catering.restaurant','restaurant',NULL,NULL,33.9974570,71.5403114,'[\'building\', \'building.catering\', \'catering\', \'catering.restaurant\']',2921,NULL,NULL,NULL,NULL,NULL,'geoapify',1,'2026-04-25 02:36:43','2026-04-25 02:36:43'),(417,19,'Peshawar, Pakistan','MFZ','catering.restaurant','restaurant',NULL,NULL,33.9976079,71.5401515,'[\'building\', \'building.catering\', \'catering\', \'catering.restaurant\']',1600,NULL,NULL,NULL,NULL,NULL,'geoapify',1,'2026-04-25 02:36:43','2026-04-25 02:36:43'),(418,19,'Peshawar, Pakistan','Quetta Chai','catering.restaurant','restaurant',NULL,NULL,33.9976545,71.5402541,'[\'building\', \'building.catering\', \'catering\', \'catering.restaurant\']',2350,NULL,NULL,NULL,NULL,NULL,'geoapify',1,'2026-04-25 02:36:43','2026-04-25 02:36:43'),(419,19,'Peshawar, Pakistan','Bata Kulfi Falooda','catering.restaurant','restaurant',NULL,NULL,33.9974740,71.5398813,'[\'building\', \'building.catering\', \'catering\', \'catering.restaurant\']',909,NULL,NULL,NULL,NULL,NULL,'geoapify',1,'2026-04-25 02:36:43','2026-04-25 02:36:43'),(420,19,'Peshawar, Pakistan','Pizza Box Resturant','catering.restaurant','restaurant',NULL,NULL,34.0181410,71.5393914,'[\'building\', \'building.catering\', \'catering\', \'catering.restaurant\']',2783,NULL,NULL,NULL,NULL,NULL,'geoapify',1,'2026-04-25 02:36:43','2026-04-25 02:36:43'),(421,19,'Peshawar, Pakistan','Hot and Crispy Resturant','catering.restaurant','restaurant',NULL,NULL,34.0207664,71.5375406,'[\'building\', \'building.catering\', \'building.residential\', \'catering\', \'catering.restaurant\']',2500,NULL,NULL,NULL,NULL,NULL,'geoapify',1,'2026-04-25 02:36:43','2026-04-25 02:36:43'),(422,19,'Peshawar, Pakistan','Balahisar','accommodation.hotel','hotel',NULL,NULL,34.0147970,71.5990183,'[\'accommodation\', \'accommodation.hotel\']',14603,NULL,NULL,NULL,NULL,NULL,'geoapify',1,'2026-04-25 02:36:43','2026-04-25 02:36:43'),(423,19,'Peshawar, Pakistan','Al-Ibadat Hotel','accommodation.hotel','hotel',NULL,NULL,34.0044700,71.5668089,'[\'accommodation\', \'accommodation.hotel\']',14189,NULL,NULL,NULL,NULL,NULL,'geoapify',1,'2026-04-25 02:36:43','2026-04-25 02:36:43'),(424,19,'Peshawar, Pakistan','Chitral today','accommodation.hotel','hotel',NULL,NULL,33.9969832,71.5409195,'[\'accommodation\', \'accommodation.hotel\']',11315,NULL,NULL,NULL,NULL,NULL,'geoapify',1,'2026-04-25 02:36:43','2026-04-25 02:36:43'),(425,19,'Peshawar, Pakistan','Serena Hotel Peshawar','accommodation.hotel','hotel',NULL,NULL,34.0159722,71.5641068,'[\'accommodation\', \'accommodation.hotel\', \'building\', \'building.accommodation\']',4452,NULL,NULL,NULL,NULL,NULL,'geoapify',1,'2026-04-25 02:36:43','2026-04-25 02:36:43'),(426,19,'Peshawar, Pakistan','Rose Hotel','accommodation.hotel','hotel',NULL,NULL,34.0085611,71.5639890,'[\'accommodation\', \'accommodation.hotel\']',19349,NULL,NULL,NULL,NULL,NULL,'geoapify',1,'2026-04-25 02:36:43','2026-04-25 02:36:43'),(427,19,'Peshawar, Pakistan','Hidayat Hotel','accommodation.hotel','hotel',NULL,NULL,34.0160404,71.5734886,'[\'accommodation\', \'accommodation.hotel\']',10388,NULL,NULL,NULL,NULL,NULL,'geoapify',1,'2026-04-25 02:36:43','2026-04-25 02:36:43'),(428,19,'Peshawar, Pakistan','Shawal Hotel','accommodation.hotel','hotel',NULL,NULL,34.0148846,71.5822004,'[\'accommodation\', \'accommodation.hotel\']',12210,NULL,NULL,NULL,NULL,NULL,'geoapify',1,'2026-04-25 02:36:43','2026-04-25 02:36:43'),(429,19,'Peshawar, Pakistan','CityStar','accommodation.hotel','hotel',NULL,NULL,34.0155923,71.5998186,'[\'accommodation\', \'accommodation.hotel\', \'building\', \'building.accommodation\', \'building.residential\']',17263,NULL,NULL,NULL,NULL,NULL,'geoapify',1,'2026-04-25 02:36:43','2026-04-25 02:36:43'),(430,19,'Peshawar, Pakistan','FoodCourt','accommodation.hotel','hotel',NULL,NULL,34.0154736,71.5998350,'[\'accommodation\', \'accommodation.hotel\', \'building\', \'building.accommodation\', \'building.residential\']',14563,NULL,NULL,NULL,NULL,NULL,'geoapify',1,'2026-04-25 02:36:43','2026-04-25 02:36:43'),(431,19,'Peshawar, Pakistan','Marhaba','accommodation.hotel','hotel',NULL,NULL,34.0156078,71.5999926,'[\'accommodation\', \'accommodation.hotel\', \'building\', \'building.accommodation\', \'building.residential\']',6604,NULL,NULL,NULL,NULL,NULL,'geoapify',1,'2026-04-25 02:36:43','2026-04-25 02:36:43'),(432,19,'Peshawar, Pakistan','hotel','accommodation.hotel','hotel',NULL,NULL,34.0162176,71.5950119,'[\'accommodation\', \'accommodation.hotel\', \'building\', \'building.accommodation\']',7974,NULL,NULL,NULL,NULL,NULL,'geoapify',1,'2026-04-25 02:36:43','2026-04-25 02:36:43'),(433,19,'Peshawar, Pakistan','Al-Mansoor','accommodation.hotel','hotel',NULL,NULL,34.0160135,71.5920211,'[\'accommodation\', \'accommodation.hotel\', \'building\', \'building.accommodation\']',5212,NULL,NULL,NULL,NULL,NULL,'geoapify',1,'2026-04-25 02:36:43','2026-04-25 02:36:43'),(434,19,'Peshawar, Pakistan','Shawal Hotel','accommodation.hotel','hotel',NULL,NULL,34.0148509,71.5821541,'[\'accommodation\', \'accommodation.hotel\', \'building\', \'building.accommodation\']',19382,NULL,NULL,NULL,NULL,NULL,'geoapify',1,'2026-04-25 02:36:43','2026-04-25 02:36:43'),(435,19,'Peshawar, Pakistan','Karachi Hotel','accommodation.hotel','hotel',NULL,NULL,34.0147499,71.5802337,'[\'accommodation\', \'accommodation.hotel\', \'building\', \'building.accommodation\']',13790,NULL,NULL,NULL,NULL,NULL,'geoapify',1,'2026-04-25 02:36:43','2026-04-25 02:36:43'),(436,19,'Peshawar, Pakistan','Park Plaza Hotels','accommodation.hotel','hotel',NULL,NULL,34.0194243,71.5694105,'[\'accommodation\', \'accommodation.hotel\', \'building\', \'building.accommodation\']',8192,NULL,NULL,NULL,NULL,NULL,'geoapify',1,'2026-04-25 02:36:43','2026-04-25 02:36:43'),(437,19,'Peshawar, Pakistan','Park Plaza Hotels','accommodation.hotel','hotel',NULL,NULL,34.0195546,71.5692846,'[\'accommodation\', \'accommodation.hotel\', \'building\', \'building.accommodation\']',18647,NULL,NULL,NULL,NULL,NULL,'geoapify',1,'2026-04-25 02:36:43','2026-04-25 02:36:43'),(438,19,'Peshawar, Pakistan','Cant Hotel','accommodation.hotel','hotel',NULL,NULL,34.0139669,71.5567473,'[\'accommodation\', \'accommodation.hotel\', \'building\', \'building.accommodation\']',15108,NULL,NULL,NULL,NULL,NULL,'geoapify',1,'2026-04-25 02:36:43','2026-04-25 02:36:43'),(439,19,'Peshawar, Pakistan','Amin Hotel Peshawar','accommodation.hotel','hotel',NULL,NULL,34.0155327,71.5819412,'[\'accommodation\', \'accommodation.hotel\']',16945,NULL,NULL,NULL,NULL,NULL,'geoapify',1,'2026-04-25 02:36:43','2026-04-25 02:36:43'),(440,19,'Peshawar, Pakistan','Shiraz Arena','accommodation.hotel','hotel',NULL,NULL,34.0009367,71.5440875,'[\'accommodation\', \'accommodation.hotel\']',3471,NULL,NULL,NULL,NULL,NULL,'geoapify',1,'2026-04-25 02:36:43','2026-04-25 02:36:43'),(441,19,'Peshawar, Pakistan','Emaraat Hotel','accommodation.hotel','hotel',NULL,NULL,34.0042828,71.5665804,'[\'accommodation\', \'accommodation.hotel\', \'internet_access\']',19170,NULL,NULL,NULL,NULL,NULL,'geoapify',1,'2026-04-25 02:36:43','2026-04-25 02:36:43'),(442,19,'Peshawar, Pakistan','Shaji-ki-Dheri Remains (Kaniska Stupa)','tourism.attraction','attraction',NULL,NULL,33.9994148,71.5915476,'[\'tourism\', \'tourism.attraction\']',989,NULL,NULL,NULL,NULL,NULL,'geoapify',1,'2026-04-25 02:36:43','2026-04-25 02:36:43'),(443,19,'Peshawar, Pakistan','Shuuba Chowk / شوبہ چوک','tourism.attraction','attraction',NULL,NULL,34.0087538,71.5636382,'[\'tourism\', \'tourism.attraction\']',881,NULL,NULL,NULL,NULL,NULL,'geoapify',1,'2026-04-25 02:36:43','2026-04-25 02:36:43'),(444,19,'Peshawar, Pakistan','sardar colony','tourism.attraction','attraction',NULL,NULL,34.0382175,71.5828042,'[\'tourism\', \'tourism.attraction\']',781,NULL,NULL,NULL,NULL,NULL,'geoapify',1,'2026-04-25 02:36:43','2026-04-25 02:36:43'),(445,19,'Peshawar, Pakistan','Daoranpura Peshawar','tourism.attraction','attraction',NULL,NULL,34.0265496,71.6242163,'[\'tourism\', \'tourism.attraction\']',759,NULL,NULL,NULL,NULL,NULL,'geoapify',1,'2026-04-25 02:36:43','2026-04-25 02:36:43'),(446,19,'Peshawar, Pakistan','Shakir Associates','tourism.attraction','attraction',NULL,NULL,34.0172948,71.6201699,'[\'tourism\', \'tourism.attraction\']',610,NULL,NULL,NULL,NULL,NULL,'geoapify',1,'2026-04-25 02:36:43','2026-04-25 02:36:43'),(447,19,'Peshawar, Pakistan','Cunningham Clock Tower','tourism.attraction','attraction',NULL,NULL,34.0097907,71.5757614,'[\'tourism\', \'tourism.attraction\']',570,NULL,NULL,NULL,NULL,NULL,'geoapify',1,'2026-04-25 02:36:43','2026-04-25 02:36:43'),(448,19,'Peshawar, Pakistan','Chacha Younas Park','tourism.attraction','attraction',NULL,NULL,34.0151822,71.5780697,'[\'tourism\', \'tourism.attraction\', \'tourism.attraction.viewpoint\']',887,NULL,NULL,NULL,NULL,NULL,'geoapify',1,'2026-04-25 02:36:43','2026-04-25 02:36:43'),(449,19,'Peshawar, Pakistan','Sabrina Marquee, Shami Road, Peshawar','tourism.attraction','attraction',NULL,NULL,34.0216199,71.5590909,'[\'tourism\', \'tourism.attraction\', \'tourism.attraction.viewpoint\']',867,NULL,NULL,NULL,NULL,NULL,'geoapify',1,'2026-04-25 02:36:43','2026-04-25 02:36:43'),(450,19,'Peshawar, Pakistan','Khwaja Town','tourism.attraction','attraction',NULL,NULL,34.0312847,71.5600502,'[\'tourism\', \'tourism.attraction\', \'tourism.attraction.viewpoint\']',653,NULL,NULL,NULL,NULL,NULL,'geoapify',1,'2026-04-25 02:36:43','2026-04-25 02:36:43'),(451,19,'Peshawar, Pakistan','سیٹھی پل','tourism.attraction','attraction',NULL,NULL,33.9960123,71.6259185,'[\'tourism\', \'tourism.attraction\']',935,NULL,NULL,NULL,NULL,NULL,'geoapify',1,'2026-04-25 02:36:43','2026-04-25 02:36:43'),(452,19,'Peshawar, Pakistan','Paint shops','tourism.attraction','attraction',NULL,NULL,33.9906384,71.5960687,'[\'commercial\', \'production\', \'production.factory\', \'service\', \'service.vehicle\', \'service.vehicle.repair\', \'service.vehicle.repair.car\', \'tourism\', \'tourism.attraction\', \'tourism.sights\']',770,NULL,NULL,NULL,NULL,NULL,'geoapify',1,'2026-04-25 02:36:43','2026-04-25 02:36:43'),(453,20,'Quetta, Pakistan','Safa Mayya Restaurant','catering.restaurant','restaurant',NULL,NULL,30.1813930,67.0133077,'[\'building\', \'building.catering\', \'catering\', \'catering.restaurant\', \'halal\']',2436,NULL,NULL,NULL,NULL,NULL,'geoapify',1,'2026-04-25 02:36:43','2026-04-25 02:36:43'),(454,20,'Quetta, Pakistan','Jaan Broast','catering.restaurant','restaurant',NULL,NULL,30.1890166,67.0147648,'[\'catering\', \'catering.restaurant\']',1359,NULL,NULL,NULL,NULL,NULL,'geoapify',1,'2026-04-25 02:36:43','2026-04-25 02:36:43'),(455,20,'Quetta, Pakistan','Usmania Restaurant','catering.restaurant','restaurant',NULL,NULL,30.2032812,67.0061125,'[\'building\', \'building.catering\', \'catering\', \'catering.restaurant\']',636,NULL,NULL,NULL,NULL,NULL,'geoapify',1,'2026-04-25 02:36:43','2026-04-25 02:36:43'),(456,20,'Quetta, Pakistan','RV Pizza','catering.restaurant','restaurant',NULL,NULL,30.2158381,67.0414072,'[\'catering\', \'catering.restaurant\', \'catering.restaurant.pizza\']',2139,NULL,NULL,NULL,NULL,NULL,'geoapify',1,'2026-04-25 02:36:43','2026-04-25 02:36:43'),(457,20,'Quetta, Pakistan','Musketeers','catering.restaurant','restaurant',NULL,NULL,30.2159279,67.0415862,'[\'catering\', \'catering.restaurant\', \'catering.restaurant.regional\']',2405,NULL,NULL,NULL,NULL,NULL,'geoapify',1,'2026-04-25 02:36:43','2026-04-25 02:36:43'),(458,20,'Quetta, Pakistan','Gardenia Hotel','catering.restaurant','restaurant',NULL,NULL,30.2225557,67.0034302,'[\'catering\', \'catering.restaurant\', \'catering.restaurant.regional\']',2603,NULL,NULL,NULL,NULL,NULL,'geoapify',1,'2026-04-25 02:36:43','2026-04-25 02:36:43'),(459,20,'Quetta, Pakistan','China N Continental','catering.restaurant','restaurant',NULL,NULL,30.2059013,67.0026286,'[\'catering\', \'catering.restaurant\', \'wheelchair\', \'wheelchair.limited\']',2583,NULL,NULL,NULL,NULL,NULL,'geoapify',1,'2026-04-25 02:36:43','2026-04-25 02:36:43'),(460,20,'Quetta, Pakistan','VIP restaurant','catering.restaurant','restaurant',NULL,NULL,30.1808777,66.9663171,'[\'catering\', \'catering.restaurant\']',1856,NULL,NULL,NULL,NULL,NULL,'geoapify',1,'2026-04-25 02:36:43','2026-04-25 02:36:43'),(461,20,'Quetta, Pakistan','Cafe China','catering.restaurant','restaurant',NULL,NULL,30.2037895,67.0204586,'[\'catering\', \'catering.restaurant\']',1768,NULL,NULL,NULL,NULL,NULL,'geoapify',1,'2026-04-25 02:36:43','2026-04-25 02:36:43'),(462,20,'Quetta, Pakistan','Usmani Restaurant (Branch)','catering.restaurant','restaurant',NULL,NULL,30.2007820,67.0135590,'[\'catering\', \'catering.restaurant\']',2600,NULL,NULL,NULL,NULL,NULL,'geoapify',1,'2026-04-25 02:36:43','2026-04-25 02:36:43'),(463,20,'Quetta, Pakistan','Naimat Kada','catering.restaurant','restaurant',NULL,NULL,30.1897914,67.0133884,'[\'catering\', \'catering.restaurant\', \'wheelchair\', \'wheelchair.limited\']',1613,NULL,NULL,NULL,NULL,NULL,'geoapify',1,'2026-04-25 02:36:43','2026-04-25 02:36:43'),(464,20,'Quetta, Pakistan','Baig Snak Bar','catering.restaurant','restaurant',NULL,NULL,30.1950412,67.0281117,'[\'catering\', \'catering.restaurant\']',1406,NULL,NULL,NULL,NULL,NULL,'geoapify',1,'2026-04-25 02:36:43','2026-04-25 02:36:43'),(465,20,'Quetta, Pakistan','Mubarak Hotel Br. 1','catering.restaurant','restaurant',NULL,NULL,30.1906421,67.0123544,'[\'catering\', \'catering.restaurant\']',2049,NULL,NULL,NULL,NULL,NULL,'geoapify',1,'2026-04-25 02:36:43','2026-04-25 02:36:43'),(466,20,'Quetta, Pakistan','Mubarak Food & Restaurant Br. 2','catering.restaurant','restaurant',NULL,NULL,30.1898436,67.0132015,'[\'catering\', \'catering.restaurant\', \'catering.restaurant.chicken\']',1573,NULL,NULL,NULL,NULL,NULL,'geoapify',1,'2026-04-25 02:36:43','2026-04-25 02:36:43'),(467,20,'Quetta, Pakistan','Zaika Restaurant','catering.restaurant','restaurant',NULL,NULL,30.2181701,66.9904142,'[\'catering\', \'catering.restaurant\']',1877,NULL,NULL,NULL,NULL,NULL,'geoapify',1,'2026-04-25 02:36:43','2026-04-25 02:36:43'),(468,20,'Quetta, Pakistan','Lehri Sajji Jinnah Road Br.','catering.restaurant','restaurant',NULL,NULL,30.2000504,67.0141388,'[\'catering\', \'catering.restaurant\', \'catering.restaurant.pakistani\']',2328,NULL,NULL,NULL,NULL,NULL,'geoapify',1,'2026-04-25 02:36:43','2026-04-25 02:36:43'),(469,20,'Quetta, Pakistan','Hot & Roll','catering.restaurant','restaurant',NULL,NULL,30.1793452,67.0113554,'[\'catering\', \'catering.restaurant\', \'catering.restaurant.burger\', \'catering.restaurant.chicken\']',504,NULL,NULL,NULL,NULL,NULL,'geoapify',1,'2026-04-25 02:36:43','2026-04-25 02:36:43'),(470,20,'Quetta, Pakistan','Allahwala Hotel','catering.restaurant','restaurant',NULL,NULL,30.1873880,67.0062062,'[\'catering\', \'catering.restaurant\']',2672,NULL,NULL,NULL,NULL,NULL,'geoapify',1,'2026-04-25 02:36:43','2026-04-25 02:36:43'),(471,20,'Quetta, Pakistan','Madina Restaurant Satellite Town','catering.restaurant','restaurant',NULL,NULL,30.1618980,67.0024404,'[\'catering\', \'catering.restaurant\']',2416,NULL,NULL,NULL,NULL,NULL,'geoapify',1,'2026-04-25 02:36:43','2026-04-25 02:36:43'),(472,20,'Quetta, Pakistan','Afzal Karahi Restaurant','catering.restaurant','restaurant',NULL,NULL,30.1895133,67.0138643,'[\'catering\', \'catering.restaurant\']',2831,NULL,NULL,NULL,NULL,NULL,'geoapify',1,'2026-04-25 02:36:43','2026-04-25 02:36:43'),(473,20,'Quetta, Pakistan','Quetta Serena Hotel','accommodation.hotel','hotel',NULL,NULL,30.2041318,67.0122317,'[\'accommodation\', \'accommodation.hotel\']',17450,NULL,NULL,NULL,NULL,NULL,'geoapify',1,'2026-04-25 02:36:43','2026-04-25 02:36:43'),(474,20,'Quetta, Pakistan','Bloomstar Hotel','accommodation.hotel','hotel',NULL,NULL,30.1893525,67.0049321,'[\'accommodation\', \'accommodation.hotel\', \'internet_access\']',14680,NULL,NULL,NULL,NULL,NULL,'geoapify',1,'2026-04-25 02:36:43','2026-04-25 02:36:43'),(475,20,'Quetta, Pakistan','Al Abbas Hotel','accommodation.hotel','hotel',NULL,NULL,30.1910830,67.0148645,'[\'accommodation\', \'accommodation.hotel\']',8688,NULL,NULL,NULL,NULL,NULL,'geoapify',1,'2026-04-25 02:36:43','2026-04-25 02:36:43'),(476,20,'Quetta, Pakistan','لورڈز ہوٹل','accommodation.hotel','hotel',NULL,NULL,30.2027533,67.0210246,'[\'accommodation\', \'accommodation.hotel\']',10385,NULL,NULL,NULL,NULL,NULL,'geoapify',1,'2026-04-25 02:36:43','2026-04-25 02:36:43'),(477,20,'Quetta, Pakistan','GLACIER HOTEL','accommodation.hotel','hotel',NULL,NULL,30.1906449,67.0126999,'[\'accommodation\', \'accommodation.hotel\']',4596,NULL,NULL,NULL,NULL,NULL,'geoapify',1,'2026-04-25 02:36:43','2026-04-25 02:36:43'),(478,20,'Quetta, Pakistan','New Pak hotel','accommodation.hotel','hotel',NULL,NULL,30.1917826,67.0105550,'[\'accommodation\', \'accommodation.hotel\']',9709,NULL,NULL,NULL,NULL,NULL,'geoapify',1,'2026-04-25 02:36:43','2026-04-25 02:36:43'),(479,20,'Quetta, Pakistan','Hotel Al Khaleej','accommodation.hotel','hotel',NULL,NULL,30.1900744,67.0133429,'[\'accommodation\', \'accommodation.hotel\']',12307,NULL,NULL,NULL,NULL,NULL,'geoapify',1,'2026-04-25 02:36:43','2026-04-25 02:36:43'),(480,20,'Quetta, Pakistan','Ziarat Hotel','accommodation.hotel','hotel',NULL,NULL,30.1678880,66.9994375,'[\'accommodation\', \'accommodation.hotel\']',13049,NULL,NULL,NULL,NULL,NULL,'geoapify',1,'2026-04-25 02:36:43','2026-04-25 02:36:43'),(481,20,'Quetta, Pakistan','Sharja Hotel','accommodation.hotel','hotel',NULL,NULL,30.1903413,67.0135946,'[\'accommodation\', \'accommodation.hotel\']',8410,NULL,NULL,NULL,NULL,NULL,'geoapify',1,'2026-04-25 02:36:43','2026-04-25 02:36:43'),(482,20,'Quetta, Pakistan','Maudlin Hotel','accommodation.hotel','hotel',NULL,NULL,30.1895846,67.0137243,'[\'accommodation\', \'accommodation.hotel\']',18661,NULL,NULL,NULL,NULL,NULL,'geoapify',1,'2026-04-25 02:36:43','2026-04-25 02:36:43'),(483,20,'Quetta, Pakistan','Nayab Hotel','accommodation.hotel','hotel',NULL,NULL,30.1930881,67.0160285,'[\'accommodation\', \'accommodation.hotel\']',9075,NULL,NULL,NULL,NULL,NULL,'geoapify',1,'2026-04-25 02:36:43','2026-04-25 02:36:43'),(484,20,'Quetta, Pakistan','Unknown','accommodation.hotel','hotel',NULL,NULL,30.1892996,67.0036764,'[\'accommodation\', \'accommodation.hotel\']',15528,NULL,NULL,NULL,NULL,NULL,'geoapify',1,'2026-04-25 02:36:43','2026-04-25 02:36:43'),(485,20,'Quetta, Pakistan','Miri Fortress','tourism.attraction','attraction',NULL,NULL,30.2099359,67.0087422,'[\'tourism\', \'tourism.attraction\', \'tourism.sights\', \'tourism.sights.fort\']',604,NULL,NULL,NULL,NULL,NULL,'geoapify',1,'2026-04-25 02:36:43','2026-04-25 02:36:43'),(486,20,'Quetta, Pakistan','ديباب  والعلم اسكول','tourism.attraction','attraction',NULL,NULL,30.1821444,66.9691572,'[\'tourism\', \'tourism.attraction\', \'tourism.attraction.artwork\']',251,NULL,NULL,NULL,NULL,NULL,'geoapify',1,'2026-04-25 02:36:43','2026-04-25 02:36:43'),(487,20,'Quetta, Pakistan','Classic studio PCO','tourism.attraction','attraction',NULL,NULL,30.1801616,66.9673510,'[\'tourism\', \'tourism.attraction\', \'tourism.attraction.artwork\']',456,NULL,NULL,NULL,NULL,NULL,'geoapify',1,'2026-04-25 02:36:43','2026-04-25 02:36:43'),(488,20,'Quetta, Pakistan','PCO','tourism.attraction','attraction',NULL,NULL,30.1820924,66.9678437,'[\'tourism\', \'tourism.attraction\', \'tourism.attraction.artwork\']',137,NULL,NULL,NULL,NULL,NULL,'geoapify',1,'2026-04-25 02:36:43','2026-04-25 02:36:43'),(489,20,'Quetta, Pakistan','Benazir Bridge, Quetta','tourism.attraction','attraction',NULL,NULL,30.1980804,67.0012024,'[\'tourism\', \'tourism.attraction\']',605,NULL,NULL,NULL,NULL,NULL,'geoapify',1,'2026-04-25 02:36:43','2026-04-25 02:36:43'),(490,20,'Quetta, Pakistan','Jinnah Check Post , Cantonment -Quetta.','tourism.attraction','attraction',NULL,NULL,30.2031298,67.0162251,'[\'tourism\', \'tourism.attraction\']',670,NULL,NULL,NULL,NULL,NULL,'geoapify',1,'2026-04-25 02:36:43','2026-04-25 02:36:43'),(491,20,'Quetta, Pakistan','Civil Secretariat of Balochistan, Quetta.','tourism.attraction','attraction',NULL,NULL,30.1936130,67.0052148,'[\'tourism\', \'tourism.attraction\']',265,NULL,NULL,NULL,NULL,NULL,'geoapify',1,'2026-04-25 02:36:43','2026-04-25 02:36:43'),(492,20,'Quetta, Pakistan','5 Futti','tourism.attraction','attraction',NULL,NULL,30.2149054,66.9888034,'[\'tourism\', \'tourism.attraction\']',740,NULL,NULL,NULL,NULL,NULL,'geoapify',1,'2026-04-25 02:36:43','2026-04-25 02:36:43'),(493,21,'Taxila, Pakistan','Kohistan','catering.restaurant','restaurant',NULL,NULL,33.7345661,72.8026220,'[\'catering\', \'catering.restaurant\']',783,NULL,NULL,NULL,NULL,NULL,'geoapify',1,'2026-04-25 02:36:43','2026-04-25 02:36:43'),(494,21,'Taxila, Pakistan','Unknown','catering.restaurant','restaurant',NULL,NULL,33.7344157,72.8025925,'[\'building\', \'building.catering\', \'catering\', \'catering.restaurant\']',1435,NULL,NULL,NULL,NULL,NULL,'geoapify',1,'2026-04-25 02:36:43','2026-04-25 02:36:43'),(495,21,'Taxila, Pakistan','Unknown','catering.restaurant','restaurant',NULL,NULL,33.7206777,72.8066391,'[\'catering\', \'catering.restaurant\']',992,NULL,NULL,NULL,NULL,NULL,'geoapify',1,'2026-04-25 02:36:43','2026-04-25 02:36:43'),(496,21,'Taxila, Pakistan','Unknown','catering.restaurant','restaurant',NULL,NULL,33.7345825,72.8169234,'[\'catering\', \'catering.restaurant\']',547,NULL,NULL,NULL,NULL,NULL,'geoapify',1,'2026-04-25 02:36:43','2026-04-25 02:36:43'),(497,21,'Taxila, Pakistan','PTDC Motel','accommodation.hotel','hotel',NULL,NULL,33.7461702,72.8181062,'[\'accommodation\', \'accommodation.hotel\']',16428,NULL,NULL,NULL,NULL,NULL,'geoapify',1,'2026-04-25 02:36:43','2026-04-25 02:36:43'),(498,21,'Taxila, Pakistan','Khader Mohra','tourism.attraction','attraction',NULL,NULL,33.7405602,72.8467382,'[\'tourism\', \'tourism.attraction\']',247,NULL,NULL,NULL,NULL,NULL,'geoapify',1,'2026-04-25 02:36:43','2026-04-25 02:36:43'),(499,21,'Taxila, Pakistan','Pipplan Stupa and Monastery','tourism.attraction','attraction',NULL,NULL,33.7656919,72.8659000,'[\'tourism\', \'tourism.attraction\']',960,NULL,NULL,NULL,NULL,NULL,'geoapify',1,'2026-04-25 02:36:43','2026-04-25 02:36:43'),(500,21,'Taxila, Pakistan','Samoo','tourism.attraction','attraction',NULL,NULL,33.7828713,72.7902609,'[\'tourism\', \'tourism.attraction\']',236,NULL,NULL,NULL,NULL,NULL,'geoapify',1,'2026-04-25 02:36:43','2026-04-25 02:36:43'),(501,21,'Taxila, Pakistan','Samoo','tourism.attraction','attraction',NULL,NULL,33.7828865,72.7902662,'[\'tourism\', \'tourism.attraction\']',586,NULL,NULL,NULL,NULL,NULL,'geoapify',1,'2026-04-25 02:36:43','2026-04-25 02:36:43'),(502,21,'Taxila, Pakistan','Wahcant Gete No 2','tourism.attraction','attraction',NULL,NULL,33.7467953,72.7719978,'[\'tourism\', \'tourism.attraction\', \'tourism.attraction.viewpoint\']',835,NULL,NULL,NULL,NULL,NULL,'geoapify',1,'2026-04-25 02:36:43','2026-04-25 02:36:43'),(503,21,'Taxila, Pakistan','Mohra Morado','tourism.attraction','attraction',NULL,NULL,33.7609976,72.8603899,'[\'tourism\', \'tourism.attraction\']',857,NULL,NULL,NULL,NULL,NULL,'geoapify',1,'2026-04-25 02:36:43','2026-04-25 02:36:43'),(504,21,'Taxila, Pakistan','Kalawan Group of Buildings','tourism.attraction','attraction',NULL,NULL,33.7278973,72.8532036,'[\'tourism\', \'tourism.attraction\']',364,NULL,NULL,NULL,NULL,NULL,'geoapify',1,'2026-04-25 02:36:43','2026-04-25 02:36:43'),(505,21,'Taxila, Pakistan','Saraikala Mound','tourism.attraction','attraction',NULL,NULL,33.7341398,72.8001703,'[\'tourism\', \'tourism.attraction\']',278,NULL,NULL,NULL,NULL,NULL,'geoapify',1,'2026-04-25 02:36:43','2026-04-25 02:36:43'),(506,21,'Taxila, Pakistan','Kunala Stupa and Monastery','tourism.attraction','attraction',NULL,NULL,33.7504450,72.8305422,'[\'tourism\', \'tourism.attraction\']',179,NULL,NULL,NULL,NULL,NULL,'geoapify',1,'2026-04-25 02:36:43','2026-04-25 02:36:43'),(507,21,'Taxila, Pakistan','Lalchak Mounds','tourism.attraction','attraction',NULL,NULL,33.7744463,72.8494677,'[\'tourism\', \'tourism.attraction\']',659,NULL,NULL,NULL,NULL,NULL,'geoapify',1,'2026-04-25 02:36:43','2026-04-25 02:36:43'),(508,21,'Taxila, Pakistan','Peace bell','tourism.attraction','attraction',NULL,NULL,33.7459181,72.8192671,'[\'tourism\', \'tourism.attraction\', \'tourism.attraction.artwork\']',374,NULL,NULL,NULL,NULL,NULL,'geoapify',1,'2026-04-25 02:36:43','2026-04-25 02:36:43'),(509,22,'Mohenjo-daro, Pakistan','Mohenjo Daro D. K. area','tourism.attraction','attraction',NULL,NULL,27.3268899,68.1371029,'[\'tourism\', \'tourism.attraction\', \'tourism.sights\', \'tourism.sights.archaeological_site\']',845,NULL,NULL,NULL,NULL,NULL,'geoapify',1,'2026-04-25 02:36:43','2026-04-25 02:36:43'),(510,22,'Mohenjo-daro, Pakistan','Moenjodaro H. R. area','tourism.attraction','attraction',NULL,NULL,27.3230648,68.1369589,'[\'tourism\', \'tourism.attraction\']',51,NULL,NULL,NULL,NULL,NULL,'geoapify',1,'2026-04-25 02:36:43','2026-04-25 02:36:43'),(511,22,'Mohenjo-daro, Pakistan','Great Bath','tourism.attraction','attraction',NULL,NULL,27.3252447,68.1326181,'[\'tourism\', \'tourism.attraction\']',464,NULL,NULL,NULL,NULL,NULL,'geoapify',1,'2026-04-25 02:36:43','2026-04-25 02:36:43'),(512,22,'Mohenjo-daro, Pakistan','Moenjodaro S. K. area','tourism.attraction','attraction',NULL,NULL,27.3255404,68.1329346,'[\'tourism\', \'tourism.attraction\']',1,NULL,NULL,NULL,NULL,NULL,'geoapify',1,'2026-04-25 02:36:43','2026-04-25 02:36:43'),(513,23,'Harappa, Pakistan','Harappa','tourism.attraction','attraction',NULL,NULL,30.6292436,72.8650273,'[\'tourism\', \'tourism.attraction\', \'tourism.sights\', \'tourism.sights.archaeological_site\']',271,NULL,NULL,NULL,NULL,NULL,'geoapify',1,'2026-04-25 02:36:43','2026-04-25 02:36:43'),(514,24,'Rohtas Fort, Pakistan','Rohtas Fort','tourism.attraction','attraction',NULL,NULL,32.9650687,73.5761559,'[\'fee\', \'tourism\', \'tourism.attraction\', \'tourism.sights\', \'tourism.sights.fort\']',563,NULL,NULL,NULL,NULL,NULL,'geoapify',1,'2026-04-25 02:36:43','2026-04-25 02:36:43'),(515,25,'Badshahi Mosque, Pakistan','shahbaz tikka house','catering.restaurant','restaurant',NULL,NULL,31.5675351,74.3249438,'[\'catering\', \'catering.restaurant\', \'catering.restaurant.regional\']',2134,NULL,NULL,NULL,NULL,NULL,'geoapify',1,'2026-04-25 02:36:43','2026-04-25 02:36:43'),(516,25,'Badshahi Mosque, Pakistan','shahbaz tikka house','catering.restaurant','restaurant',NULL,NULL,31.5675564,74.3249651,'[\'catering\', \'catering.restaurant\', \'catering.restaurant.chicken\', \'halal\']',1169,NULL,NULL,NULL,NULL,NULL,'geoapify',1,'2026-04-25 02:36:43','2026-04-25 02:36:43'),(517,25,'Badshahi Mosque, Pakistan','shahbaz tikka house','catering.restaurant','restaurant',NULL,NULL,31.5674859,74.3249561,'[\'catering\', \'catering.restaurant\', \'halal\']',2979,NULL,NULL,NULL,NULL,NULL,'geoapify',1,'2026-04-25 02:36:43','2026-04-25 02:36:43'),(518,25,'Badshahi Mosque, Pakistan','Savour Foods','catering.restaurant','restaurant',NULL,NULL,31.5682295,74.3257415,'[\'catering\', \'catering.restaurant\']',1293,NULL,NULL,NULL,NULL,NULL,'geoapify',1,'2026-04-25 02:36:43','2026-04-25 02:36:43'),(519,25,'Badshahi Mosque, Pakistan','حویلی ریسٹورانٹ','catering.restaurant','restaurant',NULL,NULL,31.5870129,74.3114255,'[\'catering\', \'catering.restaurant\', \'wheelchair\', \'wheelchair.yes\']',1083,NULL,NULL,NULL,NULL,NULL,'geoapify',1,'2026-04-25 02:36:43','2026-04-25 02:36:43'),(520,25,'Badshahi Mosque, Pakistan','kuku khoya chanay','catering.restaurant','restaurant',NULL,NULL,31.6277978,74.2953031,'[\'catering\', \'catering.restaurant\']',1114,NULL,NULL,NULL,NULL,NULL,'geoapify',1,'2026-04-25 02:36:43','2026-04-25 02:36:43'),(521,25,'Badshahi Mosque, Pakistan','Hot Roast (2nd floor)','catering.restaurant','restaurant',NULL,NULL,31.5516501,74.2828726,'[\'catering\', \'catering.restaurant\', \'catering.restaurant.regional\']',2046,NULL,NULL,NULL,NULL,NULL,'geoapify',1,'2026-04-25 02:36:43','2026-04-25 02:36:43'),(522,25,'Badshahi Mosque, Pakistan','Red Lotus','catering.restaurant','restaurant',NULL,NULL,31.5615410,74.3300432,'[\'catering\', \'catering.restaurant\', \'catering.restaurant.chinese\']',577,NULL,NULL,NULL,NULL,NULL,'geoapify',1,'2026-04-25 02:36:43','2026-04-25 02:36:43'),(523,25,'Badshahi Mosque, Pakistan','Fujiayama','catering.restaurant','restaurant',NULL,NULL,31.5586053,74.3279147,'[\'catering\', \'catering.restaurant\', \'catering.restaurant.japanese\']',2510,NULL,NULL,NULL,NULL,NULL,'geoapify',1,'2026-04-25 02:36:43','2026-04-25 02:36:43'),(524,25,'Badshahi Mosque, Pakistan','The Lakhanvi','catering.restaurant','restaurant',NULL,NULL,31.5589889,74.3273933,'[\'catering\', \'catering.restaurant\', \'catering.restaurant.indian\']',1890,NULL,NULL,NULL,NULL,NULL,'geoapify',1,'2026-04-25 02:36:43','2026-04-25 02:36:43'),(525,25,'Badshahi Mosque, Pakistan','Taipan Chinese','catering.restaurant','restaurant',NULL,NULL,31.5530146,74.3379788,'[\'catering\', \'catering.restaurant\', \'catering.restaurant.chinese\']',2704,NULL,NULL,NULL,NULL,NULL,'geoapify',1,'2026-04-25 02:36:43','2026-04-25 02:36:43'),(526,25,'Badshahi Mosque, Pakistan','Bukhara','catering.restaurant','restaurant',NULL,NULL,31.5528976,74.3382373,'[\'catering\', \'catering.restaurant\', \'catering.restaurant.pakistani\']',1901,NULL,NULL,NULL,NULL,NULL,'geoapify',1,'2026-04-25 02:36:43','2026-04-25 02:36:43'),(527,25,'Badshahi Mosque, Pakistan','Bashir Nan Pakoray','catering.restaurant','restaurant',NULL,NULL,31.5850609,74.3129778,'[\'catering\', \'catering.restaurant\']',2405,NULL,NULL,NULL,NULL,NULL,'geoapify',1,'2026-04-25 02:36:43','2026-04-25 02:36:43'),(528,25,'Badshahi Mosque, Pakistan','عارف ھوٹل اینڈ ریسٹورنٹ','catering.restaurant','restaurant',NULL,NULL,31.5852626,74.3126871,'[\'catering\', \'catering.restaurant\']',2989,NULL,NULL,NULL,NULL,NULL,'geoapify',1,'2026-04-25 02:36:43','2026-04-25 02:36:43'),(529,25,'Badshahi Mosque, Pakistan','Fazal Din Phajja Siri Paye - Since 1953','catering.restaurant','restaurant',NULL,NULL,31.5852866,74.3125410,'[\'catering\', \'catering.restaurant\']',1311,NULL,NULL,NULL,NULL,NULL,'geoapify',1,'2026-04-25 02:36:43','2026-04-25 02:36:43'),(530,25,'Badshahi Mosque, Pakistan','عارف چٹخارہ ہاؤس','catering.restaurant','restaurant',NULL,NULL,31.5853764,74.3122726,'[\'catering\', \'catering.restaurant\']',2395,NULL,NULL,NULL,NULL,NULL,'geoapify',1,'2026-04-25 02:36:43','2026-04-25 02:36:43'),(531,25,'Badshahi Mosque, Pakistan','Shah Chicken Tawa Roast','catering.restaurant','restaurant',NULL,NULL,31.5855013,74.3122166,'[\'catering\', \'catering.restaurant\']',1341,NULL,NULL,NULL,NULL,NULL,'geoapify',1,'2026-04-25 02:36:43','2026-04-25 02:36:43'),(532,25,'Badshahi Mosque, Pakistan','Gourmet Marriage','catering.restaurant','restaurant',NULL,NULL,31.5430404,74.3307145,'[\'building\', \'building.catering\', \'catering\', \'catering.restaurant\']',2156,NULL,NULL,NULL,NULL,NULL,'geoapify',1,'2026-04-25 02:36:43','2026-04-25 02:36:43'),(533,25,'Badshahi Mosque, Pakistan','Bundu Khan','catering.restaurant','restaurant',NULL,NULL,31.5654607,74.3155192,'[\'catering\', \'catering.restaurant\']',2137,NULL,NULL,NULL,NULL,NULL,'geoapify',1,'2026-04-25 02:36:43','2026-04-25 02:36:43'),(534,25,'Badshahi Mosque, Pakistan','Gawal Mandi Food Street','catering.restaurant','restaurant',NULL,NULL,31.5721495,74.3188112,'[\'catering\', \'catering.restaurant\', \'catering.restaurant.regional\', \'tourism\', \'tourism.attraction\']',682,NULL,NULL,NULL,NULL,NULL,'geoapify',1,'2026-04-25 02:36:43','2026-04-25 02:36:43'),(535,25,'Badshahi Mosque, Pakistan','Avari Hotel','accommodation.hotel','hotel',NULL,NULL,31.5590982,74.3272214,'[\'accommodation\', \'accommodation.hotel\', \'building\', \'building.accommodation\', \'internet_access\']',19283,NULL,NULL,NULL,NULL,NULL,'geoapify',1,'2026-04-25 02:36:43','2026-04-25 02:36:43'),(536,25,'Badshahi Mosque, Pakistan','Four Points by Sheraton','accommodation.hotel','hotel',NULL,NULL,31.5615437,74.3298204,'[\'accommodation\', \'accommodation.hotel\', \'building\', \'building.accommodation\']',13190,NULL,NULL,NULL,NULL,NULL,'geoapify',1,'2026-04-25 02:36:43','2026-04-25 02:36:43'),(537,25,'Badshahi Mosque, Pakistan','Pearl Continental Hotel','accommodation.hotel','hotel',NULL,NULL,31.5524113,74.3380693,'[\'accommodation\', \'accommodation.hotel\', \'building\', \'building.accommodation\']',6383,NULL,NULL,NULL,NULL,NULL,'geoapify',1,'2026-04-25 02:36:43','2026-04-25 02:36:43'),(538,25,'Badshahi Mosque, Pakistan','Faletti\'s Hotel','accommodation.hotel','hotel',NULL,NULL,31.5614792,74.3279274,'[\'accommodation\', \'accommodation.hotel\', \'building\', \'building.accommodation\', \'internet_access\']',10023,NULL,NULL,NULL,NULL,NULL,'geoapify',1,'2026-04-25 02:36:43','2026-04-25 02:36:43'),(539,25,'Badshahi Mosque, Pakistan','Carlton Tower Hotel','accommodation.hotel','hotel',NULL,NULL,31.5699209,74.3349973,'[\'accommodation\', \'accommodation.hotel\', \'building\', \'building.accommodation\']',13986,NULL,NULL,NULL,NULL,NULL,'geoapify',1,'2026-04-25 02:36:43','2026-04-25 02:36:43'),(540,25,'Badshahi Mosque, Pakistan','Luxus Grand Hotel','accommodation.hotel','hotel',NULL,NULL,31.5619127,74.3302746,'[\'accommodation\', \'accommodation.hotel\', \'building\', \'building.accommodation\']',11628,NULL,NULL,NULL,NULL,NULL,'geoapify',1,'2026-04-25 02:36:43','2026-04-25 02:36:43'),(541,25,'Badshahi Mosque, Pakistan','National Hotel','accommodation.hotel','hotel',NULL,NULL,31.5669235,74.3262999,'[\'accommodation\', \'accommodation.hotel\', \'building\', \'building.accommodation\']',5788,NULL,NULL,NULL,NULL,NULL,'geoapify',1,'2026-04-25 02:36:43','2026-04-25 02:36:43'),(542,25,'Badshahi Mosque, Pakistan','Lahore Hotel','accommodation.hotel','hotel',NULL,NULL,31.5700027,74.3288932,'[\'accommodation\', \'accommodation.hotel\', \'building\', \'building.accommodation\']',9678,NULL,NULL,NULL,NULL,NULL,'geoapify',1,'2026-04-25 02:36:43','2026-04-25 02:36:43'),(543,25,'Badshahi Mosque, Pakistan','Shobra Hotel','accommodation.hotel','hotel',NULL,NULL,31.5716753,74.3336046,'[\'accommodation\', \'accommodation.hotel\', \'building\', \'building.accommodation\']',4789,NULL,NULL,NULL,NULL,NULL,'geoapify',1,'2026-04-25 02:36:43','2026-04-25 02:36:43'),(544,25,'Badshahi Mosque, Pakistan','Hotel One','accommodation.hotel','hotel',NULL,NULL,31.5743553,74.3088403,'[\'accommodation\', \'accommodation.hotel\', \'internet_access\']',15552,NULL,NULL,NULL,NULL,NULL,'geoapify',1,'2026-04-25 02:36:43','2026-04-25 02:36:43'),(545,25,'Badshahi Mosque, Pakistan','Hotel Marcopolo','accommodation.hotel','hotel',NULL,NULL,31.5654996,74.3293405,'[\'accommodation\', \'accommodation.hotel\']',4412,NULL,NULL,NULL,NULL,NULL,'geoapify',1,'2026-04-25 02:36:43','2026-04-25 02:36:43'),(546,25,'Badshahi Mosque, Pakistan','Royal Hotel','accommodation.hotel','hotel',NULL,NULL,31.5771207,74.3339728,'[\'accommodation\', \'accommodation.hotel\']',14548,NULL,NULL,NULL,NULL,NULL,'geoapify',1,'2026-04-25 02:36:43','2026-04-25 02:36:43'),(547,25,'Badshahi Mosque, Pakistan','Ali Umar Hotel & Restaurant','accommodation.hotel','hotel',NULL,NULL,31.5773224,74.3341146,'[\'accommodation\', \'accommodation.hotel\']',7420,NULL,NULL,NULL,NULL,NULL,'geoapify',1,'2026-04-25 02:36:43','2026-04-25 02:36:43'),(548,25,'Badshahi Mosque, Pakistan','Ambassador Hotel','accommodation.hotel','hotel',NULL,NULL,31.5612614,74.3379451,'[\'accommodation\', \'accommodation.hotel\', \'building\', \'building.accommodation\']',14647,NULL,NULL,NULL,NULL,NULL,'geoapify',1,'2026-04-25 02:36:43','2026-04-25 02:36:43'),(549,25,'Badshahi Mosque, Pakistan','Grand Millenium Hotel','accommodation.hotel','hotel',NULL,NULL,31.5606655,74.3382888,'[\'accommodation\', \'accommodation.hotel\', \'building\', \'building.accommodation\']',3863,NULL,NULL,NULL,NULL,NULL,'geoapify',1,'2026-04-25 02:36:43','2026-04-25 02:36:43'),(550,25,'Badshahi Mosque, Pakistan','Indus Hotel','accommodation.hotel','hotel',NULL,NULL,31.5610930,74.3225661,'[\'accommodation\', \'accommodation.hotel\', \'building\', \'building.accommodation\']',15098,NULL,NULL,NULL,NULL,NULL,'geoapify',1,'2026-04-25 02:36:43','2026-04-25 02:36:43'),(551,25,'Badshahi Mosque, Pakistan','Sadiq Hotel','accommodation.hotel','hotel',NULL,NULL,31.6123062,74.3396920,'[\'accommodation\', \'accommodation.hotel\', \'building\', \'building.accommodation\']',5156,NULL,NULL,NULL,NULL,NULL,'geoapify',1,'2026-04-25 02:36:43','2026-04-25 02:36:43'),(552,25,'Badshahi Mosque, Pakistan','Ramada Hotel and Suites','accommodation.hotel','hotel',NULL,NULL,31.5629146,74.3280324,'[\'accommodation\', \'accommodation.hotel\', \'building\', \'building.accommodation\']',8799,NULL,NULL,NULL,NULL,NULL,'geoapify',1,'2026-04-25 02:36:43','2026-04-25 02:36:43'),(553,25,'Badshahi Mosque, Pakistan','Lawrence view Hotel','accommodation.hotel','hotel',NULL,NULL,31.5488271,74.3286984,'[\'accommodation\', \'accommodation.hotel\']',16611,NULL,NULL,NULL,NULL,NULL,'geoapify',1,'2026-04-25 02:36:43','2026-04-25 02:36:43'),(554,25,'Badshahi Mosque, Pakistan','Shifa Hotel','accommodation.hotel','hotel',NULL,NULL,31.5693417,74.3285979,'[\'accommodation\', \'accommodation.hotel\']',14719,NULL,NULL,NULL,NULL,NULL,'geoapify',1,'2026-04-25 02:36:43','2026-04-25 02:36:43'),(555,25,'Badshahi Mosque, Pakistan','Mehar Das Qulcha','tourism.attraction','attraction',NULL,NULL,31.5823395,74.3176742,'[\'tourism\', \'tourism.attraction\']',593,NULL,NULL,NULL,NULL,NULL,'geoapify',1,'2026-04-25 02:36:43','2026-04-25 02:36:43'),(556,25,'Badshahi Mosque, Pakistan','حویلی نو نہال سنگھ','tourism.attraction','attraction',NULL,NULL,31.5794622,74.3116212,'[\'building\', \'building.historic\', \'building.tourism\', \'tourism\', \'tourism.attraction\', \'tourism.sights\']',270,NULL,NULL,NULL,NULL,NULL,'geoapify',1,'2026-04-25 02:36:43','2026-04-25 02:36:43'),(557,25,'Badshahi Mosque, Pakistan','شاہی قلعہ','tourism.attraction','attraction',NULL,NULL,31.5880331,74.3149565,'[\'tourism\', \'tourism.attraction\', \'tourism.sights\', \'tourism.sights.castle\']',484,NULL,NULL,NULL,NULL,NULL,'geoapify',1,'2026-04-25 02:36:43','2026-04-25 02:36:43'),(558,25,'Badshahi Mosque, Pakistan','مینارِ پاکستان','tourism.attraction','attraction',NULL,NULL,31.5925559,74.3094848,'[\'tourism\', \'tourism.attraction\', \'tourism.sights\', \'tourism.sights.memorial\', \'tourism.sights.memorial.monument\']',856,NULL,NULL,NULL,NULL,NULL,'geoapify',1,'2026-04-25 02:36:43','2026-04-25 02:36:43'),(559,25,'Badshahi Mosque, Pakistan','اقبال پارک','tourism.attraction','attraction',NULL,NULL,31.5921585,74.3121092,'[\'leisure\', \'leisure.park\', \'tourism\', \'tourism.attraction\']',843,NULL,NULL,NULL,NULL,NULL,'geoapify',1,'2026-04-25 02:36:43','2026-04-25 02:36:43'),(560,25,'Badshahi Mosque, Pakistan','مقبرہ علامہ اقبال','tourism.attraction','attraction',NULL,NULL,31.5878915,74.3113345,'[\'tourism\', \'tourism.attraction\', \'tourism.sights\', \'tourism.sights.memorial\', \'tourism.sights.memorial.monument\']',97,NULL,NULL,NULL,NULL,NULL,'geoapify',1,'2026-04-25 02:36:43','2026-04-25 02:36:43'),(561,25,'Badshahi Mosque, Pakistan','گلی سورجن سنگھ','tourism.attraction','attraction',NULL,NULL,31.5827404,74.3258062,'[\'tourism\', \'tourism.attraction\']',494,NULL,NULL,NULL,NULL,NULL,'geoapify',1,'2026-04-25 02:36:43','2026-04-25 02:36:43'),(562,25,'Badshahi Mosque, Pakistan','Bagh-e-Dilkhusha','tourism.attraction','attraction',NULL,NULL,31.6207022,74.2942152,'[\'access\', \'access.yes\', \'fee\', \'leisure\', \'leisure.park\', \'leisure.park.garden\', \'tourism\', \'tourism.attraction\']',228,NULL,NULL,NULL,NULL,NULL,'geoapify',1,'2026-04-25 02:36:43','2026-04-25 02:36:43'),(563,25,'Badshahi Mosque, Pakistan','مقبرہ نورجہاں','tourism.attraction','attraction',NULL,NULL,31.6209192,74.2947582,'[\'building\', \'building.historic\', \'building.tourism\', \'tourism\', \'tourism.attraction\', \'tourism.sights\', \'tourism.sights.memorial\', \'tourism.sights.memorial.tomb\']',407,NULL,NULL,NULL,NULL,NULL,'geoapify',1,'2026-04-25 02:36:43','2026-04-25 02:36:43'),(564,25,'Badshahi Mosque, Pakistan','مقبرۂ جہانگیر','tourism.attraction','attraction',NULL,NULL,31.6225752,74.3031440,'[\'building\', \'building.historic\', \'building.tourism\', \'tourism\', \'tourism.attraction\', \'tourism.sights\', \'tourism.sights.memorial\', \'tourism.sights.memorial.tomb\']',281,NULL,NULL,NULL,NULL,NULL,'geoapify',1,'2026-04-25 02:36:43','2026-04-25 02:36:43'),(565,25,'Badshahi Mosque, Pakistan','Lakshmi Building','tourism.attraction','attraction',NULL,NULL,31.5674605,74.3245394,'[\'building\', \'building.tourism\', \'tourism\', \'tourism.attraction\']',832,NULL,NULL,NULL,NULL,NULL,'geoapify',1,'2026-04-25 02:36:43','2026-04-25 02:36:43'),(566,25,'Badshahi Mosque, Pakistan','Tomb of Mai Dai','tourism.attraction','attraction',NULL,NULL,31.5926964,74.3547353,'[\'building\', \'building.tourism\', \'tourism\', \'tourism.attraction\']',392,NULL,NULL,NULL,NULL,NULL,'geoapify',1,'2026-04-25 02:36:43','2026-04-25 02:36:43'),(567,25,'Badshahi Mosque, Pakistan','Lala Moolchand Temple (Abandoned)','tourism.attraction','attraction',NULL,NULL,31.5783364,74.3326586,'[\'building\', \'building.tourism\', \'tourism\', \'tourism.attraction\']',499,NULL,NULL,NULL,NULL,NULL,'geoapify',1,'2026-04-25 02:36:43','2026-04-25 02:36:43'),(568,25,'Badshahi Mosque, Pakistan','حویلی واجد علی شاہ','tourism.attraction','attraction',NULL,NULL,31.5829818,74.3098205,'[\'building\', \'building.historic\', \'building.tourism\', \'tourism\', \'tourism.attraction\', \'tourism.sights\']',29,NULL,NULL,NULL,NULL,NULL,'geoapify',1,'2026-04-25 02:36:43','2026-04-25 02:36:43'),(569,25,'Badshahi Mosque, Pakistan','Gawal Mandi Food Street','tourism.attraction','attraction',NULL,NULL,31.5721495,74.3188112,'[\'catering\', \'catering.restaurant\', \'catering.restaurant.regional\', \'tourism\', \'tourism.attraction\']',859,NULL,NULL,NULL,NULL,NULL,'geoapify',1,'2026-04-25 02:36:43','2026-04-25 02:36:43'),(570,25,'Badshahi Mosque, Pakistan','Kamran Bara Dari','tourism.attraction','attraction',NULL,NULL,31.6066751,74.2933514,'[\'tourism\', \'tourism.attraction\', \'tourism.sights\', \'tourism.sights.memorial\']',617,NULL,NULL,NULL,NULL,NULL,'geoapify',1,'2026-04-25 02:36:43','2026-04-25 02:36:43'),(571,25,'Badshahi Mosque, Pakistan','Oval','tourism.attraction','attraction',NULL,NULL,31.5727912,74.3067963,'[\'tourism\', \'tourism.attraction\']',897,NULL,NULL,NULL,NULL,NULL,'geoapify',1,'2026-04-25 02:36:43','2026-04-25 02:36:43'),(572,25,'Badshahi Mosque, Pakistan','Old Building Erected 1858','tourism.attraction','attraction',NULL,NULL,31.5744199,74.3071203,'[\'tourism\', \'tourism.attraction\', \'tourism.attraction.viewpoint\']',906,NULL,NULL,NULL,NULL,NULL,'geoapify',1,'2026-04-25 02:36:43','2026-04-25 02:36:43'),(573,25,'Badshahi Mosque, Pakistan','Minhas Art Gallery','tourism.attraction','attraction',NULL,NULL,31.5713080,74.3086614,'[\'tourism\', \'tourism.attraction\', \'tourism.attraction.artwork\']',617,NULL,NULL,NULL,NULL,NULL,'geoapify',1,'2026-04-25 02:36:43','2026-04-25 02:36:43'),(574,25,'Badshahi Mosque, Pakistan','Anarkali Bazar','tourism.attraction','attraction',NULL,NULL,31.5683818,74.3101484,'[\'tourism\', \'tourism.attraction\', \'tourism.attraction.artwork\']',98,NULL,NULL,NULL,NULL,NULL,'geoapify',1,'2026-04-25 02:36:43','2026-04-25 02:36:43'),(575,26,'Saif-ul-Malook, Pakistan','Queen\'s','catering.restaurant','restaurant',NULL,NULL,32.0654610,72.6783323,'[\'building\', \'building.catering\', \'catering\', \'catering.restaurant\']',1521,NULL,NULL,NULL,NULL,NULL,'geoapify',1,'2026-04-25 02:36:43','2026-04-25 02:36:43'),(576,26,'Saif-ul-Malook, Pakistan','Dhuaan N Dhukaan','catering.restaurant','restaurant',NULL,NULL,32.0797862,72.6850914,'[\'catering\', \'catering.restaurant\']',851,NULL,NULL,NULL,NULL,NULL,'geoapify',1,'2026-04-25 02:36:43','2026-04-25 02:36:43'),(577,27,'Attabad Lake, Pakistan','Taj Restaurant','catering.restaurant','restaurant',NULL,NULL,36.3853557,74.8675954,'[\'catering\', \'catering.restaurant\']',1339,NULL,NULL,NULL,NULL,NULL,'geoapify',1,'2026-04-25 02:36:43','2026-04-25 02:36:43'),(578,27,'Attabad Lake, Pakistan','Qulha Kitchen','catering.restaurant','restaurant',NULL,NULL,36.3893846,74.8636311,'[\'catering\', \'catering.restaurant\']',2642,NULL,NULL,NULL,NULL,NULL,'geoapify',1,'2026-04-25 02:36:43','2026-04-25 02:36:43'),(579,27,'Attabad Lake, Pakistan','Gulmit Biryani House','catering.restaurant','restaurant',NULL,NULL,36.3837808,74.8655353,'[\'catering\', \'catering.restaurant\', \'halal\']',1527,NULL,NULL,NULL,NULL,NULL,'geoapify',1,'2026-04-25 02:36:43','2026-04-25 02:36:43'),(580,27,'Attabad Lake, Pakistan','Amin Biryani & Chowmein','catering.restaurant','restaurant',NULL,NULL,36.3895981,74.8685260,'[\'catering\', \'catering.restaurant\', \'halal\']',2089,NULL,NULL,NULL,NULL,NULL,'geoapify',1,'2026-04-25 02:36:43','2026-04-25 02:36:43'),(581,27,'Attabad Lake, Pakistan','Mountain Table','catering.restaurant','restaurant',NULL,NULL,36.3276857,74.8745910,'[\'catering\', \'catering.restaurant\']',725,NULL,NULL,NULL,NULL,NULL,'geoapify',1,'2026-04-25 02:36:43','2026-04-25 02:36:43'),(582,27,'Attabad Lake, Pakistan','Marco Polo Inn','accommodation.hotel','hotel',NULL,NULL,36.3897204,74.8657273,'[\'accommodation\', \'accommodation.hotel\']',9826,NULL,NULL,NULL,NULL,NULL,'geoapify',1,'2026-04-25 02:36:43','2026-04-25 02:36:43'),(583,27,'Attabad Lake, Pakistan','Famree Resort','accommodation.hotel','hotel',NULL,NULL,36.3221625,74.8767674,'[\'accommodation\', \'accommodation.hotel\']',3830,NULL,NULL,NULL,NULL,NULL,'geoapify',1,'2026-04-25 02:36:43','2026-04-25 02:36:43'),(584,27,'Attabad Lake, Pakistan','Gulmit Continental Hotel','accommodation.hotel','hotel',NULL,NULL,36.3907058,74.8663053,'[\'accommodation\', \'accommodation.hotel\']',7498,NULL,NULL,NULL,NULL,NULL,'geoapify',1,'2026-04-25 02:36:43','2026-04-25 02:36:43'),(585,27,'Attabad Lake, Pakistan','Gulmit Tourist Inn','accommodation.hotel','hotel',NULL,NULL,36.3882944,74.8680625,'[\'accommodation\', \'accommodation.hotel\', \'internet_access\']',4962,NULL,NULL,NULL,NULL,NULL,'geoapify',1,'2026-04-25 02:36:43','2026-04-25 02:36:43'),(586,27,'Attabad Lake, Pakistan','Luxus Hunza','accommodation.hotel','hotel',NULL,NULL,36.3220520,74.8730826,'[\'accommodation\', \'accommodation.hotel\', \'internet_access\']',14639,NULL,NULL,NULL,NULL,NULL,'geoapify',1,'2026-04-25 02:36:43','2026-04-25 02:36:43'),(587,27,'Attabad Lake, Pakistan','Mintika Lodge','accommodation.hotel','hotel',NULL,NULL,36.3848579,74.8666931,'[\'accommodation\', \'accommodation.hotel\', \'internet_access\', \'internet_access.free\']',3588,NULL,NULL,NULL,NULL,NULL,'geoapify',1,'2026-04-25 02:36:43','2026-04-25 02:36:43'),(588,27,'Attabad Lake, Pakistan','Ondra Poygah Gulmit','tourism.attraction','attraction',NULL,NULL,36.3923340,74.8612512,'[\'tourism\', \'tourism.attraction\']',634,NULL,NULL,NULL,NULL,NULL,'geoapify',1,'2026-04-25 02:36:43','2026-04-25 02:36:43'),(589,27,'Attabad Lake, Pakistan','Lake attabad view','tourism.attraction','attraction',NULL,NULL,36.3262230,74.8763437,'[\'tourism\', \'tourism.attraction\']',700,NULL,NULL,NULL,NULL,NULL,'geoapify',1,'2026-04-25 02:36:43','2026-04-25 02:36:43'),(590,27,'Attabad Lake, Pakistan','Old House Gulmit','tourism.attraction','attraction',NULL,NULL,36.3904720,74.8638929,'[\'tourism\', \'tourism.attraction\']',660,NULL,NULL,NULL,NULL,NULL,'geoapify',1,'2026-04-25 02:36:43','2026-04-25 02:36:43'),(591,27,'Attabad Lake, Pakistan','Ondra Poygah','tourism.attraction','attraction',NULL,NULL,36.3898307,74.8623942,'[\'tourism\', \'tourism.attraction\']',748,NULL,NULL,NULL,NULL,NULL,'geoapify',1,'2026-04-25 02:36:43','2026-04-25 02:36:43'),(592,27,'Attabad Lake, Pakistan','Attabad lake viewpoint','tourism.attraction','attraction',NULL,NULL,36.3129409,74.8651722,'[\'tourism\', \'tourism.attraction\', \'tourism.attraction.viewpoint\']',566,NULL,NULL,NULL,NULL,NULL,'geoapify',1,'2026-04-25 02:36:43','2026-04-25 02:36:43'),(593,27,'Attabad Lake, Pakistan','Baskochi meadows','tourism.attraction','attraction',NULL,NULL,36.3111939,74.8653662,'[\'tourism\', \'tourism.attraction\']',765,NULL,NULL,NULL,NULL,NULL,'geoapify',1,'2026-04-25 02:36:43','2026-04-25 02:36:43'),(594,28,'Ratti Gali Lake, Pakistan','Ratti Gali Lake','tourism.attraction','attraction',NULL,NULL,34.8295963,74.0619781,'[\'natural\', \'natural.water\', \'tourism\', \'tourism.attraction\']',548,NULL,NULL,NULL,NULL,NULL,'geoapify',1,'2026-04-25 02:36:43','2026-04-25 02:36:43'),(595,28,'Ratti Gali Lake, Pakistan','Unknown','tourism.attraction','attraction',NULL,NULL,34.8194137,74.0693393,'[\'tourism\', \'tourism.attraction\', \'tourism.attraction.viewpoint\']',359,NULL,NULL,NULL,NULL,NULL,'geoapify',1,'2026-04-25 02:36:43','2026-04-25 02:36:43'),(596,29,'Neelum Valley, Pakistan','Hotel Pine Track & Green Food Hut','accommodation.hotel','hotel',NULL,NULL,34.5837997,73.9072515,'[\'accommodation\', \'accommodation.hotel\']',5107,NULL,NULL,NULL,NULL,NULL,'geoapify',1,'2026-04-25 02:36:43','2026-04-25 02:36:43'),(597,30,'Arang Kel, Pakistan','Rest House','accommodation.hotel','hotel',NULL,NULL,34.8211923,74.3487655,'[\'accommodation\', \'accommodation.hotel\']',9450,NULL,NULL,NULL,NULL,NULL,'geoapify',1,'2026-04-25 02:36:43','2026-04-25 02:36:43'),(598,30,'Arang Kel, Pakistan','orient hotel','accommodation.hotel','hotel',NULL,NULL,34.8233282,74.3480061,'[\'accommodation\', \'accommodation.hotel\']',19500,NULL,NULL,NULL,NULL,NULL,'geoapify',1,'2026-04-25 02:36:43','2026-04-25 02:36:43'),(599,32,'Ziarat, Pakistan','Prospect Point','tourism.attraction','attraction',NULL,NULL,30.3758032,67.7299116,'[\'tourism\', \'tourism.attraction\', \'tourism.attraction.viewpoint\']',892,NULL,NULL,NULL,NULL,NULL,'geoapify',1,'2026-04-25 02:36:43','2026-04-25 02:36:43'),(600,32,'Ziarat, Pakistan','Unknown','tourism.attraction','attraction',NULL,NULL,30.3481826,67.7400830,'[\'tourism\', \'tourism.attraction\', \'tourism.attraction.viewpoint\']',176,NULL,NULL,NULL,NULL,NULL,'geoapify',1,'2026-04-25 02:36:43','2026-04-25 02:36:43'),(601,33,'Hingol National Park, Pakistan','Unknown','catering.restaurant','restaurant',NULL,NULL,25.4451915,65.5384761,'[\'catering\', \'catering.restaurant\', \'catering.restaurant.regional\']',2778,NULL,NULL,NULL,NULL,NULL,'geoapify',1,'2026-04-25 02:36:43','2026-04-25 02:36:43'),(602,33,'Hingol National Park, Pakistan','Unknown','accommodation.hotel','hotel',NULL,NULL,25.4452447,65.5388589,'[\'accommodation\', \'accommodation.hotel\']',10036,NULL,NULL,NULL,NULL,NULL,'geoapify',1,'2026-04-25 02:36:43','2026-04-25 02:36:43'),(603,33,'Hingol National Park, Pakistan','Welcome to Deoy','tourism.attraction','attraction',NULL,NULL,25.4477369,65.5483205,'[\'tourism\', \'tourism.attraction\', \'tourism.attraction.artwork\']',923,NULL,NULL,NULL,NULL,NULL,'geoapify',1,'2026-04-25 02:36:43','2026-04-25 02:36:43'),(604,34,'Makran Coastal Highway, Pakistan','Kund Malir Hotel For Breakfast and Lunch','catering.restaurant','restaurant',NULL,NULL,25.3920736,65.4613318,'[\'catering\', \'catering.restaurant\']',1819,NULL,NULL,NULL,NULL,NULL,'geoapify',1,'2026-04-25 02:36:43','2026-04-25 02:36:43'),(605,34,'Makran Coastal Highway, Pakistan','Unknown','catering.restaurant','restaurant',NULL,NULL,25.3939497,65.4643131,'[\'catering\', \'catering.restaurant\']',2555,NULL,NULL,NULL,NULL,NULL,'geoapify',1,'2026-04-25 02:36:43','2026-04-25 02:36:43'),(606,34,'Makran Coastal Highway, Pakistan','Baloch Beach Resort','accommodation.hotel','hotel',NULL,NULL,25.3913494,65.4640854,'[\'accommodation\', \'accommodation.hotel\']',17217,NULL,NULL,NULL,NULL,NULL,'geoapify',1,'2026-04-25 02:36:43','2026-04-25 02:36:43'),(607,34,'Makran Coastal Highway, Pakistan','Kund Malir Beach Viewpoint','tourism.attraction','attraction',NULL,NULL,25.3917090,65.4565972,'[\'tourism\', \'tourism.attraction\', \'tourism.attraction.viewpoint\']',288,NULL,NULL,NULL,NULL,NULL,'geoapify',1,'2026-04-25 02:36:43','2026-04-25 02:36:43'),(608,34,'Makran Coastal Highway, Pakistan','Kund Malir Beach','tourism.attraction','attraction',NULL,NULL,25.3919282,65.4602079,'[\'beach\', \'tourism\', \'tourism.attraction\']',556,NULL,NULL,NULL,NULL,NULL,'geoapify',1,'2026-04-25 02:36:43','2026-04-25 02:36:43'),(609,35,'Passu Cones, Pakistan','Yak Grill','catering.restaurant','restaurant',NULL,NULL,36.4603695,74.8941980,'[\'catering\', \'catering.restaurant\', \'catering.restaurant.burger\', \'catering.restaurant.steak_house\']',650,NULL,NULL,NULL,NULL,NULL,'geoapify',1,'2026-04-25 02:36:43','2026-04-25 02:36:43'),(610,35,'Passu Cones, Pakistan','Glacier Breeze','catering.restaurant','restaurant',NULL,NULL,36.4605998,74.8921009,'[\'catering\', \'catering.restaurant\', \'catering.restaurant.regional\', \'internet_access\', \'internet_access.for_customers\']',1804,NULL,NULL,NULL,NULL,NULL,'geoapify',1,'2026-04-25 02:36:43','2026-04-25 02:36:43'),(611,35,'Passu Cones, Pakistan','Shisper View Hotel','accommodation.hotel','hotel',NULL,NULL,36.4573302,74.8957751,'[\'accommodation\', \'accommodation.hotel\', \'internet_access\']',7207,NULL,NULL,NULL,NULL,NULL,'geoapify',1,'2026-04-25 02:36:43','2026-04-25 02:36:43'),(612,35,'Passu Cones, Pakistan','Passu Ambassador Hotel','accommodation.hotel','hotel',NULL,NULL,36.4838070,74.8809903,'[\'accommodation\', \'accommodation.hotel\', \'building\', \'building.accommodation\']',3926,NULL,NULL,NULL,NULL,NULL,'geoapify',1,'2026-04-25 02:36:43','2026-04-25 02:36:43'),(613,35,'Passu Cones, Pakistan','Passu Snow Leopard Resort','accommodation.hotel','hotel',NULL,NULL,36.4921781,74.8831952,'[\'accommodation\', \'accommodation.hotel\', \'internet_access\', \'internet_access.for_customers\']',13714,NULL,NULL,NULL,NULL,NULL,'geoapify',1,'2026-04-25 02:36:43','2026-04-25 02:36:43'),(614,35,'Passu Cones, Pakistan','Passu Tourist Lodge','accommodation.hotel','hotel',NULL,NULL,36.4904122,74.8800949,'[\'accommodation\', \'accommodation.hotel\']',10254,NULL,NULL,NULL,NULL,NULL,'geoapify',1,'2026-04-25 02:36:43','2026-04-25 02:36:43'),(615,35,'Passu Cones, Pakistan','\"Hidden owl\" rock','tourism.attraction','attraction',NULL,NULL,36.5086686,74.8778084,'[\'tourism\', \'tourism.attraction\']',931,NULL,NULL,NULL,NULL,NULL,'geoapify',1,'2026-04-25 02:36:43','2026-04-25 02:36:43'),(616,35,'Passu Cones, Pakistan','Written Sign','tourism.attraction','attraction',NULL,NULL,36.4833551,74.9047105,'[\'tourism\', \'tourism.attraction\', \'tourism.attraction.viewpoint\']',245,NULL,NULL,NULL,NULL,NULL,'geoapify',1,'2026-04-25 02:36:43','2026-04-25 02:36:43'),(617,35,'Passu Cones, Pakistan','Welcome to Passu','tourism.attraction','attraction',NULL,NULL,36.4568734,74.9002153,'[\'tourism\', \'tourism.attraction\', \'tourism.attraction.artwork\']',75,NULL,NULL,NULL,NULL,NULL,'geoapify',1,'2026-04-25 02:36:43','2026-04-25 02:36:43'),(618,35,'Passu Cones, Pakistan','Passu Cones Viewpoint','tourism.attraction','attraction',NULL,NULL,36.4925712,74.8807304,'[\'tourism\', \'tourism.attraction\', \'tourism.attraction.viewpoint\']',123,NULL,NULL,NULL,NULL,NULL,'geoapify',1,'2026-04-25 02:36:43','2026-04-25 02:36:43'),(619,35,'Passu Cones, Pakistan','Passu Cones and Straight Highway','tourism.attraction','attraction',NULL,NULL,36.4856154,74.8806982,'[\'tourism\', \'tourism.attraction\', \'tourism.attraction.viewpoint\']',823,NULL,NULL,NULL,NULL,NULL,'geoapify',1,'2026-04-25 02:36:43','2026-04-25 02:36:43'),(620,35,'Passu Cones, Pakistan','Unknown','tourism.attraction','attraction',NULL,NULL,36.4543291,74.8627532,'[\'tourism\', \'tourism.attraction\', \'tourism.attraction.viewpoint\']',269,NULL,NULL,NULL,NULL,NULL,'geoapify',1,'2026-04-25 02:36:43','2026-04-25 02:36:43'),(621,35,'Passu Cones, Pakistan','Unknown','tourism.attraction','attraction',NULL,NULL,36.4542200,74.8436063,'[\'tourism\', \'tourism.attraction\', \'tourism.attraction.viewpoint\']',366,NULL,NULL,NULL,NULL,NULL,'geoapify',1,'2026-04-25 02:36:43','2026-04-25 02:36:43'),(622,35,'Passu Cones, Pakistan','Unknown','tourism.attraction','attraction',NULL,NULL,36.5013113,74.8897379,'[\'tourism\', \'tourism.attraction\', \'tourism.attraction.viewpoint\']',568,NULL,NULL,NULL,NULL,NULL,'geoapify',1,'2026-04-25 02:36:43','2026-04-25 02:36:43'),(623,35,'Passu Cones, Pakistan','Unknown','tourism.attraction','attraction',NULL,NULL,36.4900192,74.8805109,'[\'tourism\', \'tourism.attraction\', \'tourism.attraction.viewpoint\']',726,NULL,NULL,NULL,NULL,NULL,'geoapify',1,'2026-04-25 02:36:43','2026-04-25 02:36:43'),(624,35,'Passu Cones, Pakistan','Unknown','tourism.attraction','attraction',NULL,NULL,36.4809929,74.8899855,'[\'tourism\', \'tourism.attraction\', \'tourism.attraction.viewpoint\']',105,NULL,NULL,NULL,NULL,NULL,'geoapify',1,'2026-04-25 02:36:43','2026-04-25 02:36:43'),(625,36,'Faisal Mosque, Pakistan','Sliders','catering.restaurant','restaurant',NULL,NULL,33.6932767,73.0154946,'[\'catering\', \'catering.restaurant\', \'internet_access\']',2315,NULL,NULL,NULL,NULL,NULL,'geoapify',1,'2026-04-25 02:36:43','2026-04-25 02:36:43'),(626,36,'Faisal Mosque, Pakistan','Five Diner','catering.restaurant','restaurant',NULL,NULL,33.7229203,73.0593075,'[\'catering\', \'catering.restaurant\', \'gluten_free\']',1345,NULL,NULL,NULL,NULL,NULL,'geoapify',1,'2026-04-25 02:36:43','2026-04-25 02:36:43'),(627,36,'Faisal Mosque, Pakistan','Chop Chop Wok','catering.restaurant','restaurant',NULL,NULL,33.7306203,73.0792580,'[\'catering\', \'catering.restaurant\']',1260,NULL,NULL,NULL,NULL,NULL,'geoapify',1,'2026-04-25 02:36:43','2026-04-25 02:36:43'),(628,36,'Faisal Mosque, Pakistan','Aanch Restaurant','catering.restaurant','restaurant',NULL,NULL,33.7300793,73.0769540,'[\'catering\', \'catering.restaurant\', \'halal\']',2015,NULL,NULL,NULL,NULL,NULL,'geoapify',1,'2026-04-25 02:36:43','2026-04-25 02:36:43'),(629,36,'Faisal Mosque, Pakistan','The Townhouse Hotel islamabad','catering.restaurant','restaurant',NULL,NULL,33.7190436,73.0542260,'[\'catering\', \'catering.restaurant\']',2069,NULL,NULL,NULL,NULL,NULL,'geoapify',1,'2026-04-25 02:36:43','2026-04-25 02:36:43'),(630,36,'Faisal Mosque, Pakistan','The Pizza Guys','catering.restaurant','restaurant',NULL,NULL,33.7296326,73.0763698,'[\'catering\', \'catering.restaurant\', \'catering.restaurant.pizza\', \'halal\']',516,NULL,NULL,NULL,NULL,NULL,'geoapify',1,'2026-04-25 02:36:43','2026-04-25 02:36:43'),(631,36,'Faisal Mosque, Pakistan','Daman-e-Koh','catering.restaurant','restaurant',NULL,NULL,33.7383666,73.0570403,'[\'catering\', \'catering.restaurant\', \'tourism\', \'tourism.attraction\', \'tourism.attraction.viewpoint\']',2186,NULL,NULL,NULL,NULL,NULL,'geoapify',1,'2026-04-25 02:36:43','2026-04-25 02:36:43'),(632,36,'Faisal Mosque, Pakistan','Savour Foods','catering.restaurant','restaurant',NULL,NULL,33.7132176,73.0634842,'[\'catering\', \'catering.restaurant\']',2955,NULL,NULL,NULL,NULL,NULL,'geoapify',1,'2026-04-25 02:36:43','2026-04-25 02:36:43'),(633,36,'Faisal Mosque, Pakistan','Tuscany Courtyard','catering.restaurant','restaurant',NULL,NULL,33.7355212,73.0782350,'[\'catering\', \'catering.restaurant\', \'catering.restaurant.thai\', \'halal\']',567,NULL,NULL,NULL,NULL,NULL,'geoapify',1,'2026-04-25 02:36:43','2026-04-25 02:36:43'),(634,36,'Faisal Mosque, Pakistan','The Smokey Cauldron','catering.restaurant','restaurant',NULL,NULL,33.7296699,73.0770447,'[\'catering\', \'catering.restaurant\']',2387,NULL,NULL,NULL,NULL,NULL,'geoapify',1,'2026-04-25 02:36:43','2026-04-25 02:36:43'),(635,36,'Faisal Mosque, Pakistan','Smokey cheese','catering.restaurant','restaurant',NULL,NULL,33.7234527,73.0587904,'[\'catering\', \'catering.restaurant\']',2574,NULL,NULL,NULL,NULL,NULL,'geoapify',1,'2026-04-25 02:36:43','2026-04-25 02:36:43'),(636,36,'Faisal Mosque, Pakistan','Nazir Foods','catering.restaurant','restaurant',NULL,NULL,33.6853683,73.0438551,'[\'catering\', \'catering.restaurant\']',774,NULL,NULL,NULL,NULL,NULL,'geoapify',1,'2026-04-25 02:36:43','2026-04-25 02:36:43'),(637,36,'Faisal Mosque, Pakistan','Noorani Restaurant','catering.restaurant','restaurant',NULL,NULL,33.7110292,73.0382394,'[\'catering\', \'catering.restaurant\']',2213,NULL,NULL,NULL,NULL,NULL,'geoapify',1,'2026-04-25 02:36:43','2026-04-25 02:36:43'),(638,36,'Faisal Mosque, Pakistan','Food Street','catering.restaurant','restaurant',NULL,NULL,33.7174595,73.0849999,'[\'building\', \'building.catering\', \'catering\', \'catering.restaurant\']',1590,NULL,NULL,NULL,NULL,NULL,'geoapify',1,'2026-04-25 02:36:43','2026-04-25 02:36:43'),(639,36,'Faisal Mosque, Pakistan','Golden Dragon','catering.restaurant','restaurant',NULL,NULL,33.7263387,73.0577749,'[\'catering\', \'catering.restaurant\']',1888,NULL,NULL,NULL,NULL,NULL,'geoapify',1,'2026-04-25 02:36:43','2026-04-25 02:36:43'),(640,36,'Faisal Mosque, Pakistan','La Montana Restaurant','catering.restaurant','restaurant',NULL,NULL,33.7604323,73.0666027,'[\'building\', \'building.catering\', \'catering\', \'catering.restaurant\']',1529,NULL,NULL,NULL,NULL,NULL,'geoapify',1,'2026-04-25 02:36:43','2026-04-25 02:36:43'),(641,36,'Faisal Mosque, Pakistan','Nandara','catering.restaurant','restaurant',NULL,NULL,33.6990680,72.9862321,'[\'building\', \'building.catering\', \'catering\', \'catering.restaurant\']',2660,NULL,NULL,NULL,NULL,NULL,'geoapify',1,'2026-04-25 02:36:43','2026-04-25 02:36:43'),(642,36,'Faisal Mosque, Pakistan','Des Pardes','catering.restaurant','restaurant',NULL,NULL,33.7442697,73.0677950,'[\'building\', \'building.catering\', \'catering\', \'catering.restaurant\']',1299,NULL,NULL,NULL,NULL,NULL,'geoapify',1,'2026-04-25 02:36:43','2026-04-25 02:36:43'),(643,36,'Faisal Mosque, Pakistan','Islamabad Vintage Quisine','catering.restaurant','restaurant',NULL,NULL,33.7294496,73.0749265,'[\'catering\', \'catering.restaurant\', \'catering.restaurant.regional\']',2492,NULL,NULL,NULL,NULL,NULL,'geoapify',1,'2026-04-25 02:36:43','2026-04-25 02:36:43'),(644,36,'Faisal Mosque, Pakistan','Kitchen Cusine Grill','catering.restaurant','restaurant',NULL,NULL,33.7219650,73.0617424,'[\'catering\', \'catering.restaurant\']',2110,NULL,NULL,NULL,NULL,NULL,'geoapify',1,'2026-04-25 02:36:43','2026-04-25 02:36:43'),(645,36,'Faisal Mosque, Pakistan','Hill View Hotel','accommodation.hotel','hotel',NULL,NULL,33.7211151,73.0565451,'[\'accommodation\', \'accommodation.hotel\', \'internet_access\']',6982,NULL,NULL,NULL,NULL,NULL,'geoapify',1,'2026-04-25 02:36:43','2026-04-25 02:36:43'),(646,36,'Faisal Mosque, Pakistan','Fortalice Koshar','accommodation.hotel','hotel',NULL,NULL,33.7285610,73.0682710,'[\'accommodation\', \'accommodation.hotel\', \'internet_access\', \'wheelchair\', \'wheelchair.limited\']',14430,NULL,NULL,NULL,NULL,NULL,'geoapify',1,'2026-04-25 02:36:43','2026-04-25 02:36:43'),(647,36,'Faisal Mosque, Pakistan','Comfort Residency','accommodation.hotel','hotel',NULL,NULL,33.7195965,73.0520807,'[\'accommodation\', \'accommodation.hotel\', \'internet_access\', \'internet_access.free\', \'wheelchair\', \'wheelchair.limited\']',3458,NULL,NULL,NULL,NULL,NULL,'geoapify',1,'2026-04-25 02:36:43','2026-04-25 02:36:43'),(648,36,'Faisal Mosque, Pakistan','Hotel Al-Habib','accommodation.hotel','hotel',NULL,NULL,33.7034880,73.0714023,'[\'accommodation\', \'accommodation.hotel\', \'internet_access\']',13868,NULL,NULL,NULL,NULL,NULL,'geoapify',1,'2026-04-25 02:36:43','2026-04-25 02:36:43'),(649,36,'Faisal Mosque, Pakistan','Islamabad Premiere Inn','accommodation.hotel','hotel',NULL,NULL,33.7034369,73.0718996,'[\'accommodation\', \'accommodation.hotel\', \'internet_access\']',10194,NULL,NULL,NULL,NULL,NULL,'geoapify',1,'2026-04-25 02:36:43','2026-04-25 02:36:43'),(650,36,'Faisal Mosque, Pakistan','Islamabad Hotel','accommodation.hotel','hotel',NULL,NULL,33.7161579,73.0844415,'[\'accommodation\', \'accommodation.hotel\', \'building\', \'building.accommodation\']',4753,NULL,NULL,NULL,NULL,NULL,'geoapify',1,'2026-04-25 02:36:43','2026-04-25 02:36:43'),(651,36,'Faisal Mosque, Pakistan','Islamabad Marriott Hotel','accommodation.hotel','hotel',NULL,NULL,33.7327063,73.0871094,'[\'accommodation\', \'accommodation.hotel\', \'building\', \'building.accommodation\']',18711,NULL,NULL,NULL,NULL,NULL,'geoapify',1,'2026-04-25 02:36:43','2026-04-25 02:36:43'),(652,36,'Faisal Mosque, Pakistan','ایلچی کانٹی نینٹل ہوٹل','accommodation.hotel','hotel',NULL,NULL,33.7107225,73.0596301,'[\'accommodation\', \'accommodation.hotel\']',16174,NULL,NULL,NULL,NULL,NULL,'geoapify',1,'2026-04-25 02:36:43','2026-04-25 02:36:43'),(653,36,'Faisal Mosque, Pakistan','Quita and Karachi Kaifai','accommodation.hotel','hotel',NULL,NULL,33.7173172,73.0844228,'[\'accommodation\', \'accommodation.hotel\']',14134,NULL,NULL,NULL,NULL,NULL,'geoapify',1,'2026-04-25 02:36:43','2026-04-25 02:36:43'),(654,36,'Faisal Mosque, Pakistan','Al-Umer','accommodation.hotel','hotel',NULL,NULL,33.7035730,73.0718268,'[\'accommodation\', \'accommodation.hotel\']',18227,NULL,NULL,NULL,NULL,NULL,'geoapify',1,'2026-04-25 02:36:43','2026-04-25 02:36:43'),(655,36,'Faisal Mosque, Pakistan','New Cape Grace Guest House','accommodation.hotel','hotel',NULL,NULL,33.7217997,73.0699978,'[\'accommodation\', \'accommodation.hotel\', \'building\', \'building.accommodation\']',9490,NULL,NULL,NULL,NULL,NULL,'geoapify',1,'2026-04-25 02:36:43','2026-04-25 02:36:43'),(656,36,'Faisal Mosque, Pakistan','Marriott Hotel','accommodation.hotel','hotel',NULL,NULL,33.7326104,73.0861695,'[\'accommodation\', \'accommodation.hotel\']',9204,NULL,NULL,NULL,NULL,NULL,'geoapify',1,'2026-04-25 02:36:43','2026-04-25 02:36:43'),(657,36,'Faisal Mosque, Pakistan','Heaven Heights Hotel','accommodation.hotel','hotel',NULL,NULL,33.7051387,73.0690439,'[\'accommodation\', \'accommodation.hotel\']',5453,NULL,NULL,NULL,NULL,NULL,'geoapify',1,'2026-04-25 02:36:43','2026-04-25 02:36:43'),(658,36,'Faisal Mosque, Pakistan','Avari','accommodation.hotel','hotel',NULL,NULL,33.7246898,73.0677445,'[\'accommodation\', \'accommodation.hotel\', \'internet_access\']',19208,NULL,NULL,NULL,NULL,NULL,'geoapify',1,'2026-04-25 02:36:43','2026-04-25 02:36:43'),(659,36,'Faisal Mosque, Pakistan','Bolan Hotel','accommodation.hotel','hotel',NULL,NULL,33.6886350,73.0507661,'[\'accommodation\', \'accommodation.hotel\']',11578,NULL,NULL,NULL,NULL,NULL,'geoapify',1,'2026-04-25 02:36:43','2026-04-25 02:36:43'),(660,36,'Faisal Mosque, Pakistan','Al Feroz Hotel','accommodation.hotel','hotel',NULL,NULL,33.6893182,73.0518730,'[\'accommodation\', \'accommodation.hotel\']',10952,NULL,NULL,NULL,NULL,NULL,'geoapify',1,'2026-04-25 02:36:43','2026-04-25 02:36:43'),(661,36,'Faisal Mosque, Pakistan','Bismillah Tikka & Charga House','accommodation.hotel','hotel',NULL,NULL,33.7146191,73.0334995,'[\'accommodation\', \'accommodation.hotel\']',3893,NULL,NULL,NULL,NULL,NULL,'geoapify',1,'2026-04-25 02:36:43','2026-04-25 02:36:43'),(662,36,'Faisal Mosque, Pakistan','Hotel Royal Green','accommodation.hotel','hotel',NULL,NULL,33.6854221,73.0435474,'[\'accommodation\', \'accommodation.hotel\']',14431,NULL,NULL,NULL,NULL,NULL,'geoapify',1,'2026-04-25 02:36:43','2026-04-25 02:36:43'),(663,36,'Faisal Mosque, Pakistan','Hotel Al-Hira','accommodation.hotel','hotel',NULL,NULL,33.6876136,73.0341371,'[\'accommodation\', \'accommodation.hotel\']',19078,NULL,NULL,NULL,NULL,NULL,'geoapify',1,'2026-04-25 02:36:43','2026-04-25 02:36:43'),(664,36,'Faisal Mosque, Pakistan','Hotel Al-Subhania','accommodation.hotel','hotel',NULL,NULL,33.6881612,73.0340974,'[\'accommodation\', \'accommodation.hotel\']',12028,NULL,NULL,NULL,NULL,NULL,'geoapify',1,'2026-04-25 02:36:43','2026-04-25 02:36:43'),(665,36,'Faisal Mosque, Pakistan','Daman-e-Koh','tourism.attraction','attraction',NULL,NULL,33.7383666,73.0570403,'[\'catering\', \'catering.restaurant\', \'tourism\', \'tourism.attraction\', \'tourism.attraction.viewpoint\']',294,NULL,NULL,NULL,NULL,NULL,'geoapify',1,'2026-04-25 02:36:43','2026-04-25 02:36:43'),(666,36,'Faisal Mosque, Pakistan','فاطمہ جناح پارک','tourism.attraction','attraction',NULL,NULL,33.7021194,73.0209926,'[\'leisure\', \'leisure.park\', \'tourism\', \'tourism.attraction\']',144,NULL,NULL,NULL,NULL,NULL,'geoapify',1,'2026-04-25 02:36:43','2026-04-25 02:36:43'),(667,36,'Faisal Mosque, Pakistan','Islamabad Viewpoint','tourism.attraction','attraction',NULL,NULL,33.7397318,73.0537374,'[\'tourism\', \'tourism.attraction\']',643,NULL,NULL,NULL,NULL,NULL,'geoapify',1,'2026-04-25 02:36:43','2026-04-25 02:36:43'),(668,36,'Faisal Mosque, Pakistan','Daman-e-Koh','tourism.attraction','attraction',NULL,NULL,33.7392849,73.0556102,'[\'tourism\', \'tourism.attraction\']',550,NULL,NULL,NULL,NULL,NULL,'geoapify',1,'2026-04-25 02:36:43','2026-04-25 02:36:43'),(669,36,'Faisal Mosque, Pakistan','Potohari','tourism.attraction','attraction',NULL,NULL,33.6991669,73.0833516,'[\'tourism\', \'tourism.attraction\']',360,NULL,NULL,NULL,NULL,NULL,'geoapify',1,'2026-04-25 02:36:43','2026-04-25 02:36:43'),(670,36,'Faisal Mosque, Pakistan','Trail 3 hill top','tourism.attraction','attraction',NULL,NULL,33.7485094,73.0793527,'[\'tourism\', \'tourism.attraction\', \'tourism.attraction.viewpoint\']',517,NULL,NULL,NULL,NULL,NULL,'geoapify',1,'2026-04-25 02:36:43','2026-04-25 02:36:43'),(671,36,'Faisal Mosque, Pakistan','Gerry\'s Group','tourism.attraction','attraction',NULL,NULL,33.7272812,73.0434170,'[\'tourism\', \'tourism.attraction\']',326,NULL,NULL,NULL,NULL,NULL,'geoapify',1,'2026-04-25 02:36:43','2026-04-25 02:36:43'),(672,36,'Faisal Mosque, Pakistan','Institute of Engineers Pakistan','tourism.attraction','attraction',NULL,NULL,33.6896033,73.0532622,'[\'tourism\', \'tourism.attraction\']',14,NULL,NULL,NULL,NULL,NULL,'geoapify',1,'2026-04-25 02:36:43','2026-04-25 02:36:43'),(673,36,'Faisal Mosque, Pakistan','Tealiner','tourism.attraction','attraction',NULL,NULL,33.6953167,73.0509677,'[\'tourism\', \'tourism.attraction\']',321,NULL,NULL,NULL,NULL,NULL,'geoapify',1,'2026-04-25 02:36:43','2026-04-25 02:36:43'),(674,36,'Faisal Mosque, Pakistan','Shaheen Foundation','tourism.attraction','attraction',NULL,NULL,33.7107509,73.0196020,'[\'tourism\', \'tourism.attraction\']',3,NULL,NULL,NULL,NULL,NULL,'geoapify',1,'2026-04-25 02:36:43','2026-04-25 02:36:43'),(675,36,'Faisal Mosque, Pakistan','Mian Amjad H#229, St32, G8-2, Tepo Market ID','tourism.attraction','attraction',NULL,NULL,33.6981418,73.0432992,'[\'tourism\', \'tourism.attraction\', \'tourism.attraction.viewpoint\']',22,NULL,NULL,NULL,NULL,NULL,'geoapify',1,'2026-04-25 02:36:43','2026-04-25 02:36:43'),(676,36,'Faisal Mosque, Pakistan','Islamabad view point','tourism.attraction','attraction',NULL,NULL,33.6936689,73.0677633,'[\'tourism\', \'tourism.attraction\', \'tourism.attraction.viewpoint\']',345,NULL,NULL,NULL,NULL,NULL,'geoapify',1,'2026-04-25 02:36:43','2026-04-25 02:36:43'),(677,36,'Faisal Mosque, Pakistan','Rawal Lake Viewpoint','tourism.attraction','attraction',NULL,NULL,33.7408575,73.0568665,'[\'tourism\', \'tourism.attraction\', \'tourism.attraction.viewpoint\']',795,NULL,NULL,NULL,NULL,NULL,'geoapify',1,'2026-04-25 02:36:43','2026-04-25 02:36:43'),(678,36,'Faisal Mosque, Pakistan','Mian Asghar ali, H#227, St 32, G8-2','tourism.attraction','attraction',NULL,NULL,33.6982643,73.0435590,'[\'tourism\', \'tourism.attraction\', \'tourism.attraction.viewpoint\']',463,NULL,NULL,NULL,NULL,NULL,'geoapify',1,'2026-04-25 02:36:43','2026-04-25 02:36:43'),(679,36,'Faisal Mosque, Pakistan','Saudi pak Tower','tourism.attraction','attraction',NULL,NULL,33.7147423,73.0635720,'[\'tourism\', \'tourism.attraction\', \'tourism.attraction.viewpoint\']',866,NULL,NULL,NULL,NULL,NULL,'geoapify',1,'2026-04-25 02:36:43','2026-04-25 02:36:43'),(680,36,'Faisal Mosque, Pakistan','OGDC','tourism.attraction','attraction',NULL,NULL,33.7229801,73.0798208,'[\'tourism\', \'tourism.attraction\', \'tourism.attraction.viewpoint\']',818,NULL,NULL,NULL,NULL,NULL,'geoapify',1,'2026-04-25 02:36:43','2026-04-25 02:36:43'),(681,36,'Faisal Mosque, Pakistan','Accencis Anas Mansoor','tourism.attraction','attraction',NULL,NULL,33.6948002,72.9997103,'[\'tourism\', \'tourism.attraction\']',41,NULL,NULL,NULL,NULL,NULL,'geoapify',1,'2026-04-25 02:36:43','2026-04-25 02:36:43'),(682,36,'Faisal Mosque, Pakistan','Descom Wedding Hall','tourism.attraction','attraction',NULL,NULL,33.7074652,73.0130879,'[\'tourism\', \'tourism.attraction\']',983,NULL,NULL,NULL,NULL,NULL,'geoapify',1,'2026-04-25 02:36:43','2026-04-25 02:36:43'),(683,36,'Faisal Mosque, Pakistan','Unknown','tourism.attraction','attraction',NULL,NULL,33.7594054,73.0697534,'[\'tourism\', \'tourism.attraction\', \'tourism.attraction.viewpoint\']',183,NULL,NULL,NULL,NULL,NULL,'geoapify',1,'2026-04-25 02:36:43','2026-04-25 02:36:43'),(684,36,'Faisal Mosque, Pakistan','Unknown','tourism.attraction','attraction',NULL,NULL,33.7450637,73.0822616,'[\'tourism\', \'tourism.attraction\', \'tourism.attraction.viewpoint\']',911,NULL,NULL,NULL,NULL,NULL,'geoapify',1,'2026-04-25 02:36:43','2026-04-25 02:36:43'),(685,37,'Data Darbar, Pakistan','shahbaz tikka house','catering.restaurant','restaurant',NULL,NULL,31.5675351,74.3249438,'[\'catering\', \'catering.restaurant\', \'catering.restaurant.regional\']',1596,NULL,NULL,NULL,NULL,NULL,'geoapify',1,'2026-04-25 02:36:43','2026-04-25 02:36:43'),(686,37,'Data Darbar, Pakistan','shahbaz tikka house','catering.restaurant','restaurant',NULL,NULL,31.5675564,74.3249651,'[\'catering\', \'catering.restaurant\', \'catering.restaurant.chicken\', \'halal\']',1050,NULL,NULL,NULL,NULL,NULL,'geoapify',1,'2026-04-25 02:36:43','2026-04-25 02:36:43'),(687,37,'Data Darbar, Pakistan','shahbaz tikka house','catering.restaurant','restaurant',NULL,NULL,31.5674859,74.3249561,'[\'catering\', \'catering.restaurant\', \'halal\']',2244,NULL,NULL,NULL,NULL,NULL,'geoapify',1,'2026-04-25 02:36:43','2026-04-25 02:36:43'),(688,37,'Data Darbar, Pakistan','Savour Foods','catering.restaurant','restaurant',NULL,NULL,31.5682295,74.3257415,'[\'catering\', \'catering.restaurant\']',572,NULL,NULL,NULL,NULL,NULL,'geoapify',1,'2026-04-25 02:36:43','2026-04-25 02:36:43'),(689,37,'Data Darbar, Pakistan','حویلی ریسٹورانٹ','catering.restaurant','restaurant',NULL,NULL,31.5870129,74.3114255,'[\'catering\', \'catering.restaurant\', \'wheelchair\', \'wheelchair.yes\']',1542,NULL,NULL,NULL,NULL,NULL,'geoapify',1,'2026-04-25 02:36:43','2026-04-25 02:36:43'),(690,37,'Data Darbar, Pakistan','Hot Roast (2nd floor)','catering.restaurant','restaurant',NULL,NULL,31.5516501,74.2828726,'[\'catering\', \'catering.restaurant\', \'catering.restaurant.regional\']',1330,NULL,NULL,NULL,NULL,NULL,'geoapify',1,'2026-04-25 02:36:43','2026-04-25 02:36:43'),(691,37,'Data Darbar, Pakistan','Red Lotus','catering.restaurant','restaurant',NULL,NULL,31.5615410,74.3300432,'[\'catering\', \'catering.restaurant\', \'catering.restaurant.chinese\']',1552,NULL,NULL,NULL,NULL,NULL,'geoapify',1,'2026-04-25 02:36:43','2026-04-25 02:36:43'),(692,37,'Data Darbar, Pakistan','Fujiayama','catering.restaurant','restaurant',NULL,NULL,31.5586053,74.3279147,'[\'catering\', \'catering.restaurant\', \'catering.restaurant.japanese\']',2049,NULL,NULL,NULL,NULL,NULL,'geoapify',1,'2026-04-25 02:36:43','2026-04-25 02:36:43'),(693,37,'Data Darbar, Pakistan','The Lakhanvi','catering.restaurant','restaurant',NULL,NULL,31.5589889,74.3273933,'[\'catering\', \'catering.restaurant\', \'catering.restaurant.indian\']',1477,NULL,NULL,NULL,NULL,NULL,'geoapify',1,'2026-04-25 02:36:43','2026-04-25 02:36:43'),(694,37,'Data Darbar, Pakistan','Taipan Chinese','catering.restaurant','restaurant',NULL,NULL,31.5530146,74.3379788,'[\'catering\', \'catering.restaurant\', \'catering.restaurant.chinese\']',2943,NULL,NULL,NULL,NULL,NULL,'geoapify',1,'2026-04-25 02:36:43','2026-04-25 02:36:43'),(695,37,'Data Darbar, Pakistan','Bukhara','catering.restaurant','restaurant',NULL,NULL,31.5528976,74.3382373,'[\'catering\', \'catering.restaurant\', \'catering.restaurant.pakistani\']',1668,NULL,NULL,NULL,NULL,NULL,'geoapify',1,'2026-04-25 02:36:43','2026-04-25 02:36:43'),(696,37,'Data Darbar, Pakistan','Bashir Nan Pakoray','catering.restaurant','restaurant',NULL,NULL,31.5850609,74.3129778,'[\'catering\', \'catering.restaurant\']',1025,NULL,NULL,NULL,NULL,NULL,'geoapify',1,'2026-04-25 02:36:43','2026-04-25 02:36:43'),(697,37,'Data Darbar, Pakistan','عارف ھوٹل اینڈ ریسٹورنٹ','catering.restaurant','restaurant',NULL,NULL,31.5852626,74.3126871,'[\'catering\', \'catering.restaurant\']',2728,NULL,NULL,NULL,NULL,NULL,'geoapify',1,'2026-04-25 02:36:43','2026-04-25 02:36:43'),(698,37,'Data Darbar, Pakistan','Fazal Din Phajja Siri Paye - Since 1953','catering.restaurant','restaurant',NULL,NULL,31.5852866,74.3125410,'[\'catering\', \'catering.restaurant\']',2499,NULL,NULL,NULL,NULL,NULL,'geoapify',1,'2026-04-25 02:36:43','2026-04-25 02:36:43'),(699,37,'Data Darbar, Pakistan','عارف چٹخارہ ہاؤس','catering.restaurant','restaurant',NULL,NULL,31.5853764,74.3122726,'[\'catering\', \'catering.restaurant\']',2776,NULL,NULL,NULL,NULL,NULL,'geoapify',1,'2026-04-25 02:36:43','2026-04-25 02:36:43'),(700,37,'Data Darbar, Pakistan','Shah Chicken Tawa Roast','catering.restaurant','restaurant',NULL,NULL,31.5855013,74.3122166,'[\'catering\', \'catering.restaurant\']',1191,NULL,NULL,NULL,NULL,NULL,'geoapify',1,'2026-04-25 02:36:43','2026-04-25 02:36:43'),(701,37,'Data Darbar, Pakistan','Gourmet Marriage','catering.restaurant','restaurant',NULL,NULL,31.5430404,74.3307145,'[\'building\', \'building.catering\', \'catering\', \'catering.restaurant\']',1383,NULL,NULL,NULL,NULL,NULL,'geoapify',1,'2026-04-25 02:36:43','2026-04-25 02:36:43'),(702,37,'Data Darbar, Pakistan','Bundu Khan','catering.restaurant','restaurant',NULL,NULL,31.5654607,74.3155192,'[\'catering\', \'catering.restaurant\']',1412,NULL,NULL,NULL,NULL,NULL,'geoapify',1,'2026-04-25 02:36:43','2026-04-25 02:36:43'),(703,37,'Data Darbar, Pakistan','Baghdadi Restaurant','catering.restaurant','restaurant',NULL,NULL,31.5391920,74.3309128,'[\'catering\', \'catering.restaurant\', \'catering.restaurant.asian\']',1765,NULL,NULL,NULL,NULL,NULL,'geoapify',1,'2026-04-25 02:36:43','2026-04-25 02:36:43'),(704,37,'Data Darbar, Pakistan','MeatEx','catering.restaurant','restaurant',NULL,NULL,31.5391468,74.3306392,'[\'catering\', \'catering.restaurant\', \'catering.restaurant.asian\']',2347,NULL,NULL,NULL,NULL,NULL,'geoapify',1,'2026-04-25 02:36:43','2026-04-25 02:36:43'),(705,37,'Data Darbar, Pakistan','Avari Hotel','accommodation.hotel','hotel',NULL,NULL,31.5590982,74.3272214,'[\'accommodation\', \'accommodation.hotel\', \'building\', \'building.accommodation\', \'internet_access\']',19325,NULL,NULL,NULL,NULL,NULL,'geoapify',1,'2026-04-25 02:36:43','2026-04-25 02:36:43'),(706,37,'Data Darbar, Pakistan','Four Points by Sheraton','accommodation.hotel','hotel',NULL,NULL,31.5615437,74.3298204,'[\'accommodation\', \'accommodation.hotel\', \'building\', \'building.accommodation\']',12806,NULL,NULL,NULL,NULL,NULL,'geoapify',1,'2026-04-25 02:36:43','2026-04-25 02:36:43'),(707,37,'Data Darbar, Pakistan','Pearl Continental Hotel','accommodation.hotel','hotel',NULL,NULL,31.5524113,74.3380693,'[\'accommodation\', \'accommodation.hotel\', \'building\', \'building.accommodation\']',12592,NULL,NULL,NULL,NULL,NULL,'geoapify',1,'2026-04-25 02:36:43','2026-04-25 02:36:43'),(708,37,'Data Darbar, Pakistan','Faletti\'s Hotel','accommodation.hotel','hotel',NULL,NULL,31.5614792,74.3279274,'[\'accommodation\', \'accommodation.hotel\', \'building\', \'building.accommodation\', \'internet_access\']',15398,NULL,NULL,NULL,NULL,NULL,'geoapify',1,'2026-04-25 02:36:43','2026-04-25 02:36:43'),(709,37,'Data Darbar, Pakistan','Carlton Tower Hotel','accommodation.hotel','hotel',NULL,NULL,31.5699209,74.3349973,'[\'accommodation\', \'accommodation.hotel\', \'building\', \'building.accommodation\']',9199,NULL,NULL,NULL,NULL,NULL,'geoapify',1,'2026-04-25 02:36:43','2026-04-25 02:36:43'),(710,37,'Data Darbar, Pakistan','Luxus Grand Hotel','accommodation.hotel','hotel',NULL,NULL,31.5619127,74.3302746,'[\'accommodation\', \'accommodation.hotel\', \'building\', \'building.accommodation\']',11906,NULL,NULL,NULL,NULL,NULL,'geoapify',1,'2026-04-25 02:36:43','2026-04-25 02:36:43'),(711,37,'Data Darbar, Pakistan','National Hotel','accommodation.hotel','hotel',NULL,NULL,31.5669235,74.3262999,'[\'accommodation\', \'accommodation.hotel\', \'building\', \'building.accommodation\']',4441,NULL,NULL,NULL,NULL,NULL,'geoapify',1,'2026-04-25 02:36:43','2026-04-25 02:36:43'),(712,37,'Data Darbar, Pakistan','Lahore Hotel','accommodation.hotel','hotel',NULL,NULL,31.5700027,74.3288932,'[\'accommodation\', \'accommodation.hotel\', \'building\', \'building.accommodation\']',15154,NULL,NULL,NULL,NULL,NULL,'geoapify',1,'2026-04-25 02:36:43','2026-04-25 02:36:43'),(713,37,'Data Darbar, Pakistan','Shobra Hotel','accommodation.hotel','hotel',NULL,NULL,31.5716753,74.3336046,'[\'accommodation\', \'accommodation.hotel\', \'building\', \'building.accommodation\']',10529,NULL,NULL,NULL,NULL,NULL,'geoapify',1,'2026-04-25 02:36:43','2026-04-25 02:36:43'),(714,37,'Data Darbar, Pakistan','Hotel One','accommodation.hotel','hotel',NULL,NULL,31.5743553,74.3088403,'[\'accommodation\', \'accommodation.hotel\', \'internet_access\']',5054,NULL,NULL,NULL,NULL,NULL,'geoapify',1,'2026-04-25 02:36:43','2026-04-25 02:36:43'),(715,37,'Data Darbar, Pakistan','Hotel Marcopolo','accommodation.hotel','hotel',NULL,NULL,31.5654996,74.3293405,'[\'accommodation\', \'accommodation.hotel\']',15012,NULL,NULL,NULL,NULL,NULL,'geoapify',1,'2026-04-25 02:36:43','2026-04-25 02:36:43'),(716,37,'Data Darbar, Pakistan','Royal Hotel','accommodation.hotel','hotel',NULL,NULL,31.5771207,74.3339728,'[\'accommodation\', \'accommodation.hotel\']',15326,NULL,NULL,NULL,NULL,NULL,'geoapify',1,'2026-04-25 02:36:43','2026-04-25 02:36:43'),(717,37,'Data Darbar, Pakistan','Ali Umar Hotel & Restaurant','accommodation.hotel','hotel',NULL,NULL,31.5773224,74.3341146,'[\'accommodation\', \'accommodation.hotel\']',5467,NULL,NULL,NULL,NULL,NULL,'geoapify',1,'2026-04-25 02:36:43','2026-04-25 02:36:43'),(718,37,'Data Darbar, Pakistan','Ambassador Hotel','accommodation.hotel','hotel',NULL,NULL,31.5612614,74.3379451,'[\'accommodation\', \'accommodation.hotel\', \'building\', \'building.accommodation\']',6205,NULL,NULL,NULL,NULL,NULL,'geoapify',1,'2026-04-25 02:36:43','2026-04-25 02:36:43'),(719,37,'Data Darbar, Pakistan','Grand Millenium Hotel','accommodation.hotel','hotel',NULL,NULL,31.5606655,74.3382888,'[\'accommodation\', \'accommodation.hotel\', \'building\', \'building.accommodation\']',17937,NULL,NULL,NULL,NULL,NULL,'geoapify',1,'2026-04-25 02:36:43','2026-04-25 02:36:43'),(720,37,'Data Darbar, Pakistan','Indus Hotel','accommodation.hotel','hotel',NULL,NULL,31.5610930,74.3225661,'[\'accommodation\', \'accommodation.hotel\', \'building\', \'building.accommodation\']',16496,NULL,NULL,NULL,NULL,NULL,'geoapify',1,'2026-04-25 02:36:43','2026-04-25 02:36:43'),(721,37,'Data Darbar, Pakistan','Sadiq Hotel','accommodation.hotel','hotel',NULL,NULL,31.6123062,74.3396920,'[\'accommodation\', \'accommodation.hotel\', \'building\', \'building.accommodation\']',13254,NULL,NULL,NULL,NULL,NULL,'geoapify',1,'2026-04-25 02:36:43','2026-04-25 02:36:43'),(722,37,'Data Darbar, Pakistan','Ramada Hotel and Suites','accommodation.hotel','hotel',NULL,NULL,31.5629146,74.3280324,'[\'accommodation\', \'accommodation.hotel\', \'building\', \'building.accommodation\']',3795,NULL,NULL,NULL,NULL,NULL,'geoapify',1,'2026-04-25 02:36:43','2026-04-25 02:36:43'),(723,37,'Data Darbar, Pakistan','Lawrence view Hotel','accommodation.hotel','hotel',NULL,NULL,31.5488271,74.3286984,'[\'accommodation\', \'accommodation.hotel\']',9978,NULL,NULL,NULL,NULL,NULL,'geoapify',1,'2026-04-25 02:36:43','2026-04-25 02:36:43'),(724,37,'Data Darbar, Pakistan','Shifa Hotel','accommodation.hotel','hotel',NULL,NULL,31.5693417,74.3285979,'[\'accommodation\', \'accommodation.hotel\']',16721,NULL,NULL,NULL,NULL,NULL,'geoapify',1,'2026-04-25 02:36:43','2026-04-25 02:36:43'),(725,37,'Data Darbar, Pakistan','Mehar Das Qulcha','tourism.attraction','attraction',NULL,NULL,31.5823395,74.3176742,'[\'tourism\', \'tourism.attraction\']',302,NULL,NULL,NULL,NULL,NULL,'geoapify',1,'2026-04-25 02:36:43','2026-04-25 02:36:43'),(726,37,'Data Darbar, Pakistan','حویلی نو نہال سنگھ','tourism.attraction','attraction',NULL,NULL,31.5794622,74.3116212,'[\'building\', \'building.historic\', \'building.tourism\', \'tourism\', \'tourism.attraction\', \'tourism.sights\']',11,NULL,NULL,NULL,NULL,NULL,'geoapify',1,'2026-04-25 02:36:43','2026-04-25 02:36:43'),(727,37,'Data Darbar, Pakistan','شاہی قلعہ','tourism.attraction','attraction',NULL,NULL,31.5880331,74.3149565,'[\'tourism\', \'tourism.attraction\', \'tourism.sights\', \'tourism.sights.castle\']',993,NULL,NULL,NULL,NULL,NULL,'geoapify',1,'2026-04-25 02:36:43','2026-04-25 02:36:43'),(728,37,'Data Darbar, Pakistan','مینارِ پاکستان','tourism.attraction','attraction',NULL,NULL,31.5925559,74.3094848,'[\'tourism\', \'tourism.attraction\', \'tourism.sights\', \'tourism.sights.memorial\', \'tourism.sights.memorial.monument\']',735,NULL,NULL,NULL,NULL,NULL,'geoapify',1,'2026-04-25 02:36:43','2026-04-25 02:36:43'),(729,37,'Data Darbar, Pakistan','اقبال پارک','tourism.attraction','attraction',NULL,NULL,31.5921585,74.3121092,'[\'leisure\', \'leisure.park\', \'tourism\', \'tourism.attraction\']',329,NULL,NULL,NULL,NULL,NULL,'geoapify',1,'2026-04-25 02:36:43','2026-04-25 02:36:43'),(730,37,'Data Darbar, Pakistan','مقبرہ علامہ اقبال','tourism.attraction','attraction',NULL,NULL,31.5878915,74.3113345,'[\'tourism\', \'tourism.attraction\', \'tourism.sights\', \'tourism.sights.memorial\', \'tourism.sights.memorial.monument\']',176,NULL,NULL,NULL,NULL,NULL,'geoapify',1,'2026-04-25 02:36:43','2026-04-25 02:36:43'),(731,37,'Data Darbar, Pakistan','گلی سورجن سنگھ','tourism.attraction','attraction',NULL,NULL,31.5827404,74.3258062,'[\'tourism\', \'tourism.attraction\']',728,NULL,NULL,NULL,NULL,NULL,'geoapify',1,'2026-04-25 02:36:43','2026-04-25 02:36:43'),(732,37,'Data Darbar, Pakistan','Bagh-e-Dilkhusha','tourism.attraction','attraction',NULL,NULL,31.6207022,74.2942152,'[\'access\', \'access.yes\', \'fee\', \'leisure\', \'leisure.park\', \'leisure.park.garden\', \'tourism\', \'tourism.attraction\']',306,NULL,NULL,NULL,NULL,NULL,'geoapify',1,'2026-04-25 02:36:43','2026-04-25 02:36:43'),(733,37,'Data Darbar, Pakistan','مقبرہ نورجہاں','tourism.attraction','attraction',NULL,NULL,31.6209192,74.2947582,'[\'building\', \'building.historic\', \'building.tourism\', \'tourism\', \'tourism.attraction\', \'tourism.sights\', \'tourism.sights.memorial\', \'tourism.sights.memorial.tomb\']',415,NULL,NULL,NULL,NULL,NULL,'geoapify',1,'2026-04-25 02:36:43','2026-04-25 02:36:43'),(734,37,'Data Darbar, Pakistan','مقبرۂ جہانگیر','tourism.attraction','attraction',NULL,NULL,31.6225752,74.3031440,'[\'building\', \'building.historic\', \'building.tourism\', \'tourism\', \'tourism.attraction\', \'tourism.sights\', \'tourism.sights.memorial\', \'tourism.sights.memorial.tomb\']',228,NULL,NULL,NULL,NULL,NULL,'geoapify',1,'2026-04-25 02:36:43','2026-04-25 02:36:43'),(735,37,'Data Darbar, Pakistan','Lakshmi Building','tourism.attraction','attraction',NULL,NULL,31.5674605,74.3245394,'[\'building\', \'building.tourism\', \'tourism\', \'tourism.attraction\']',102,NULL,NULL,NULL,NULL,NULL,'geoapify',1,'2026-04-25 02:36:43','2026-04-25 02:36:43'),(736,37,'Data Darbar, Pakistan','Tomb of Mai Dai','tourism.attraction','attraction',NULL,NULL,31.5926964,74.3547353,'[\'building\', \'building.tourism\', \'tourism\', \'tourism.attraction\']',835,NULL,NULL,NULL,NULL,NULL,'geoapify',1,'2026-04-25 02:36:43','2026-04-25 02:36:43'),(737,37,'Data Darbar, Pakistan','Lala Moolchand Temple (Abandoned)','tourism.attraction','attraction',NULL,NULL,31.5783364,74.3326586,'[\'building\', \'building.tourism\', \'tourism\', \'tourism.attraction\']',309,NULL,NULL,NULL,NULL,NULL,'geoapify',1,'2026-04-25 02:36:43','2026-04-25 02:36:43'),(738,37,'Data Darbar, Pakistan','حویلی واجد علی شاہ','tourism.attraction','attraction',NULL,NULL,31.5829818,74.3098205,'[\'building\', \'building.historic\', \'building.tourism\', \'tourism\', \'tourism.attraction\', \'tourism.sights\']',768,NULL,NULL,NULL,NULL,NULL,'geoapify',1,'2026-04-25 02:36:43','2026-04-25 02:36:43'),(739,37,'Data Darbar, Pakistan','Gawal Mandi Food Street','tourism.attraction','attraction',NULL,NULL,31.5721495,74.3188112,'[\'catering\', \'catering.restaurant\', \'catering.restaurant.regional\', \'tourism\', \'tourism.attraction\']',87,NULL,NULL,NULL,NULL,NULL,'geoapify',1,'2026-04-25 02:36:43','2026-04-25 02:36:43'),(740,37,'Data Darbar, Pakistan','Kamran Bara Dari','tourism.attraction','attraction',NULL,NULL,31.6066751,74.2933514,'[\'tourism\', \'tourism.attraction\', \'tourism.sights\', \'tourism.sights.memorial\']',915,NULL,NULL,NULL,NULL,NULL,'geoapify',1,'2026-04-25 02:36:43','2026-04-25 02:36:43'),(741,37,'Data Darbar, Pakistan','Oval','tourism.attraction','attraction',NULL,NULL,31.5727912,74.3067963,'[\'tourism\', \'tourism.attraction\']',961,NULL,NULL,NULL,NULL,NULL,'geoapify',1,'2026-04-25 02:36:43','2026-04-25 02:36:43'),(742,37,'Data Darbar, Pakistan','Old Building Erected 1858','tourism.attraction','attraction',NULL,NULL,31.5744199,74.3071203,'[\'tourism\', \'tourism.attraction\', \'tourism.attraction.viewpoint\']',399,NULL,NULL,NULL,NULL,NULL,'geoapify',1,'2026-04-25 02:36:43','2026-04-25 02:36:43'),(743,37,'Data Darbar, Pakistan','Minhas Art Gallery','tourism.attraction','attraction',NULL,NULL,31.5713080,74.3086614,'[\'tourism\', \'tourism.attraction\', \'tourism.attraction.artwork\']',824,NULL,NULL,NULL,NULL,NULL,'geoapify',1,'2026-04-25 02:36:43','2026-04-25 02:36:43'),(744,37,'Data Darbar, Pakistan','Anarkali Bazar','tourism.attraction','attraction',NULL,NULL,31.5683818,74.3101484,'[\'tourism\', \'tourism.attraction\', \'tourism.attraction.artwork\']',237,NULL,NULL,NULL,NULL,NULL,'geoapify',1,'2026-04-25 02:36:43','2026-04-25 02:36:43'),(745,39,'Katas Raj Temples, Pakistan','AFC Restaurant','catering.restaurant','restaurant',NULL,NULL,32.7268936,72.9438921,'[\'catering\', \'catering.restaurant\']',1233,NULL,NULL,NULL,NULL,NULL,'geoapify',1,'2026-04-25 02:36:43','2026-04-25 02:36:43'),(746,39,'Katas Raj Temples, Pakistan','Tourist Inn Katas','accommodation.hotel','hotel',NULL,NULL,32.7266784,72.9453343,'[\'accommodation\', \'accommodation.hotel\', \'internet_access\']',11623,NULL,NULL,NULL,NULL,NULL,'geoapify',1,'2026-04-25 02:36:43','2026-04-25 02:36:43'),(747,39,'Katas Raj Temples, Pakistan','Katas Raj Temples','tourism.attraction','attraction',NULL,NULL,32.7238923,72.9516674,'[\'religion\', \'religion.place_of_worship\', \'religion.place_of_worship.hinduism\', \'tourism\', \'tourism.attraction\', \'tourism.sights\', \'tourism.sights.place_of_worship\']',69,NULL,NULL,NULL,NULL,NULL,'geoapify',1,'2026-04-25 02:36:43','2026-04-25 02:36:43'),(748,39,'Katas Raj Temples, Pakistan','Katas Raj Temple','tourism.attraction','attraction',NULL,NULL,32.7238160,72.9513447,'[\'tourism\', \'tourism.attraction\', \'tourism.sights\', \'tourism.sights.archaeological_site\']',725,NULL,NULL,NULL,NULL,NULL,'geoapify',1,'2026-04-25 02:36:43','2026-04-25 02:36:43'),(749,40,'Kartarpur Corridor, Pakistan','Guru Sahib Hotel','accommodation.hotel','hotel',NULL,NULL,32.0875358,75.0184376,'[\'accommodation\', \'accommodation.hotel\']',19744,NULL,NULL,NULL,NULL,NULL,'geoapify',1,'2026-04-25 02:36:43','2026-04-25 02:36:43'),(750,40,'Kartarpur Corridor, Pakistan','کرتار پور راہداری‎','tourism.attraction','attraction',NULL,NULL,32.0584175,75.0234418,'[\'tourism\', \'tourism.attraction\']',231,NULL,NULL,NULL,NULL,NULL,'geoapify',1,'2026-04-25 02:36:43','2026-04-25 02:36:43'),(751,40,'Kartarpur Corridor, Pakistan','Shri Kartarpur Saheb Corridor Start','tourism.attraction','attraction',NULL,NULL,32.0217644,75.0451898,'[\'tourism\', \'tourism.attraction\', \'tourism.attraction.artwork\']',669,NULL,NULL,NULL,NULL,NULL,'geoapify',1,'2026-04-25 02:36:43','2026-04-25 02:36:43'),(752,41,'Murree, Pakistan','Lintott\'s','catering.restaurant','restaurant',NULL,NULL,33.9057007,73.3925552,'[\'catering\', \'catering.restaurant\']',2432,NULL,NULL,NULL,NULL,NULL,'geoapify',1,'2026-04-25 02:36:43','2026-04-25 02:36:43'),(753,41,'Murree, Pakistan','Usmania','catering.restaurant','restaurant',NULL,NULL,33.9043201,73.3908184,'[\'catering\', \'catering.restaurant\']',2116,NULL,NULL,NULL,NULL,NULL,'geoapify',1,'2026-04-25 02:36:43','2026-04-25 02:36:43'),(754,41,'Murree, Pakistan','پیزا ہٹ','catering.restaurant','restaurant',NULL,NULL,33.9041952,73.3911554,'[\'catering\', \'catering.restaurant\', \'catering.restaurant.pizza\']',2129,NULL,NULL,NULL,NULL,NULL,'geoapify',1,'2026-04-25 02:36:43','2026-04-25 02:36:43'),(755,41,'Murree, Pakistan','Pimiento Grill Restaurant','catering.restaurant','restaurant',NULL,NULL,33.8798699,73.4325086,'[\'catering\', \'catering.restaurant\']',2071,NULL,NULL,NULL,NULL,NULL,'geoapify',1,'2026-04-25 02:36:43','2026-04-25 02:36:43'),(756,41,'Murree, Pakistan','PAF Officer\'s Mess','catering.restaurant','restaurant',NULL,NULL,33.8975271,73.4327473,'[\'catering\', \'catering.restaurant\']',1268,NULL,NULL,NULL,NULL,NULL,'geoapify',1,'2026-04-25 02:36:43','2026-04-25 02:36:43'),(757,41,'Murree, Pakistan','Grand Taj','accommodation.hotel','hotel',NULL,NULL,33.9056067,73.3879338,'[\'accommodation\', \'accommodation.hotel\', \'building\', \'building.accommodation\', \'internet_access\', \'internet_access.for_customers\']',13651,NULL,NULL,NULL,NULL,NULL,'geoapify',1,'2026-04-25 02:36:43','2026-04-25 02:36:43'),(758,41,'Murree, Pakistan','The Legacy - British Era Cottages','accommodation.hotel','hotel',NULL,NULL,33.9066528,73.3908432,'[\'accommodation\', \'accommodation.hotel\', \'building\', \'building.accommodation\', \'internet_access\']',13765,NULL,NULL,NULL,NULL,NULL,'geoapify',1,'2026-04-25 02:36:43','2026-04-25 02:36:43'),(759,41,'Murree, Pakistan','Lala Zar','accommodation.hotel','hotel',NULL,NULL,33.9064855,73.3946738,'[\'accommodation\', \'accommodation.hotel\', \'internet_access\']',4147,NULL,NULL,NULL,NULL,NULL,'geoapify',1,'2026-04-25 02:36:43','2026-04-25 02:36:43'),(760,41,'Murree, Pakistan','Jalwa Residential','accommodation.hotel','hotel',NULL,NULL,33.8948190,73.3807409,'[\'accommodation\', \'accommodation.hotel\']',15172,NULL,NULL,NULL,NULL,NULL,'geoapify',1,'2026-04-25 02:36:43','2026-04-25 02:36:43'),(761,41,'Murree, Pakistan','Reina Boutique Hotel','accommodation.hotel','hotel',NULL,NULL,33.8944152,73.3810817,'[\'accommodation\', \'accommodation.hotel\']',16199,NULL,NULL,NULL,NULL,NULL,'geoapify',1,'2026-04-25 02:36:43','2026-04-25 02:36:43'),(762,41,'Murree, Pakistan','Hotel Breeze','accommodation.hotel','hotel',NULL,NULL,33.8950242,73.3815734,'[\'accommodation\', \'accommodation.hotel\']',12618,NULL,NULL,NULL,NULL,NULL,'geoapify',1,'2026-04-25 02:36:43','2026-04-25 02:36:43'),(763,41,'Murree, Pakistan','Holiday Resort','accommodation.hotel','hotel',NULL,NULL,33.9045446,73.3880288,'[\'accommodation\', \'accommodation.hotel\', \'building\', \'building.accommodation\']',6522,NULL,NULL,NULL,NULL,NULL,'geoapify',1,'2026-04-25 02:36:43','2026-04-25 02:36:43'),(764,41,'Murree, Pakistan','Sea Rose Hotel','accommodation.hotel','hotel',NULL,NULL,33.9067394,73.3944722,'[\'accommodation\', \'accommodation.hotel\', \'building\', \'building.accommodation\']',9696,NULL,NULL,NULL,NULL,NULL,'geoapify',1,'2026-04-25 02:36:43','2026-04-25 02:36:43'),(765,41,'Murree, Pakistan','Studio Point Hotel','accommodation.hotel','hotel',NULL,NULL,33.8919423,73.3805886,'[\'accommodation\', \'accommodation.hotel\', \'building\', \'building.accommodation\']',16651,NULL,NULL,NULL,NULL,NULL,'geoapify',1,'2026-04-25 02:36:43','2026-04-25 02:36:43'),(766,41,'Murree, Pakistan','Marhaba Hotel','accommodation.hotel','hotel',NULL,NULL,33.9044989,73.3910854,'[\'accommodation\', \'accommodation.hotel\']',5653,NULL,NULL,NULL,NULL,NULL,'geoapify',1,'2026-04-25 02:36:43','2026-04-25 02:36:43'),(767,41,'Murree, Pakistan','Hotel One','accommodation.hotel','hotel',NULL,NULL,33.9438965,73.4413224,'[\'accommodation\', \'accommodation.hotel\']',11169,NULL,NULL,NULL,NULL,NULL,'geoapify',1,'2026-04-25 02:36:43','2026-04-25 02:36:43'),(768,41,'Murree, Pakistan','Red Rock Hotel','accommodation.hotel','hotel',NULL,NULL,33.9037230,73.3891764,'[\'accommodation\', \'accommodation.hotel\']',17776,NULL,NULL,NULL,NULL,NULL,'geoapify',1,'2026-04-25 02:36:43','2026-04-25 02:36:43'),(769,41,'Murree, Pakistan','Green Veiw Hotel','accommodation.hotel','hotel',NULL,NULL,33.9095669,73.3963584,'[\'accommodation\', \'accommodation.hotel\']',12275,NULL,NULL,NULL,NULL,NULL,'geoapify',1,'2026-04-25 02:36:43','2026-04-25 02:36:43'),(770,41,'Murree, Pakistan','Lady Roberts Mess','accommodation.hotel','hotel',NULL,NULL,33.9069916,73.3987954,'[\'accommodation\', \'accommodation.hotel\']',8139,NULL,NULL,NULL,NULL,NULL,'geoapify',1,'2026-04-25 02:36:43','2026-04-25 02:36:43'),(771,41,'Murree, Pakistan','Unknown','accommodation.hotel','hotel',NULL,NULL,33.9071794,73.3949327,'[\'accommodation\', \'accommodation.hotel\', \'building\', \'building.accommodation\']',10321,NULL,NULL,NULL,NULL,NULL,'geoapify',1,'2026-04-25 02:36:43','2026-04-25 02:36:43'),(772,41,'Murree, Pakistan','Lipa Hut','tourism.attraction','attraction',NULL,NULL,33.9191860,73.4371129,'[\'tourism\', \'tourism.attraction\']',412,NULL,NULL,NULL,NULL,NULL,'geoapify',1,'2026-04-25 02:36:43','2026-04-25 02:36:43'),(773,41,'Murree, Pakistan','Pindi Point','tourism.attraction','attraction',NULL,NULL,33.8929056,73.3794159,'[\'tourism\', \'tourism.attraction\']',682,NULL,NULL,NULL,NULL,NULL,'geoapify',1,'2026-04-25 02:36:43','2026-04-25 02:36:43'),(774,41,'Murree, Pakistan','Kashmir Point','tourism.attraction','attraction',NULL,NULL,33.9173976,73.4110469,'[\'tourism\', \'tourism.attraction\']',0,NULL,NULL,NULL,NULL,NULL,'geoapify',1,'2026-04-25 02:36:43','2026-04-25 02:36:43'),(775,41,'Murree, Pakistan','NORTH HILLS','tourism.attraction','attraction',NULL,NULL,33.9121279,73.4100861,'[\'tourism\', \'tourism.attraction\']',346,NULL,NULL,NULL,NULL,NULL,'geoapify',1,'2026-04-25 02:36:43','2026-04-25 02:36:43'),(776,41,'Murree, Pakistan','Sozo Adventure Park','tourism.attraction','attraction',NULL,NULL,33.8902357,73.4320592,'[\'tourism\', \'tourism.attraction\']',136,NULL,NULL,NULL,NULL,NULL,'geoapify',1,'2026-04-25 02:36:43','2026-04-25 02:36:43'),(777,41,'Murree, Pakistan','Ghora Gali Chair Lift','tourism.attraction','attraction',NULL,NULL,33.8950838,73.3684427,'[\'public_transport\', \'public_transport.aerialway\', \'tourism\', \'tourism.attraction\']',904,NULL,NULL,NULL,NULL,NULL,'geoapify',1,'2026-04-25 02:36:43','2026-04-25 02:36:43'),(778,41,'Murree, Pakistan','Kashmir Point','tourism.attraction','attraction',NULL,NULL,33.9141273,73.4046674,'[\'tourism\', \'tourism.attraction\']',721,NULL,NULL,NULL,NULL,NULL,'geoapify',1,'2026-04-25 02:36:43','2026-04-25 02:36:43'),(779,41,'Murree, Pakistan','GPO chowk murree','tourism.attraction','attraction',NULL,NULL,33.9069412,73.3942354,'[\'tourism\', \'tourism.attraction\', \'traffic_signals\']',911,NULL,NULL,NULL,NULL,NULL,'geoapify',1,'2026-04-25 02:36:43','2026-04-25 02:36:43'),(780,41,'Murree, Pakistan','Hiking Track To Kashmir Point','tourism.attraction','attraction',NULL,NULL,33.9178280,73.4181842,'[\'tourism\', \'tourism.attraction\']',685,NULL,NULL,NULL,NULL,NULL,'geoapify',1,'2026-04-25 02:36:43','2026-04-25 02:36:43'),(781,41,'Murree, Pakistan','Muree Waterfall','tourism.attraction','attraction',NULL,NULL,33.8926828,73.3670573,'[\'tourism\', \'tourism.attraction\']',712,NULL,NULL,NULL,NULL,NULL,'geoapify',1,'2026-04-25 02:36:43','2026-04-25 02:36:43'),(782,41,'Murree, Pakistan','chitta morr','tourism.attraction','attraction',NULL,NULL,33.9121237,73.3809348,'[\'tourism\', \'tourism.attraction\']',428,NULL,NULL,NULL,NULL,NULL,'geoapify',1,'2026-04-25 02:36:43','2026-04-25 02:36:43'),(783,41,'Murree, Pakistan','Rahat Kada Guest House','tourism.attraction','attraction',NULL,NULL,33.9421485,73.4406735,'[\'tourism\', \'tourism.attraction\']',336,NULL,NULL,NULL,NULL,NULL,'geoapify',1,'2026-04-25 02:36:43','2026-04-25 02:36:43'),(784,42,'Nathia Gali, Pakistan','Hill top','catering.restaurant','restaurant',NULL,NULL,34.0294421,73.3945860,'[\'catering\', \'catering.restaurant\']',2375,NULL,NULL,NULL,NULL,NULL,'geoapify',1,'2026-04-25 02:36:43','2026-04-25 02:36:43'),(785,44,'Toli Pir, Pakistan','AK Meadows','accommodation.hotel','hotel',NULL,NULL,33.8964708,73.8803938,'[\'accommodation\', \'accommodation.hotel\']',16460,NULL,NULL,NULL,NULL,NULL,'geoapify',1,'2026-04-25 02:36:43','2026-04-25 02:36:43'),(786,44,'Toli Pir, Pakistan','AK Meadows','accommodation.hotel','hotel',NULL,NULL,33.8964882,73.8803984,'[\'accommodation\', \'accommodation.hotel\']',3686,NULL,NULL,NULL,NULL,NULL,'geoapify',1,'2026-04-25 02:36:43','2026-04-25 02:36:43'),(787,44,'Toli Pir, Pakistan','Tolipir picnic Place','tourism.attraction','attraction',NULL,NULL,33.8937895,73.8986380,'[\'tourism\', \'tourism.attraction\', \'tourism.attraction.viewpoint\']',569,NULL,NULL,NULL,NULL,NULL,'geoapify',1,'2026-04-25 02:36:43','2026-04-25 02:36:43'),(788,45,'Pir Sohawa, Pakistan','Isloo Grill, Pir Sohawa','catering.restaurant','restaurant',NULL,NULL,33.7843301,73.1103956,'[\'catering\', \'catering.restaurant\']',530,NULL,NULL,NULL,NULL,NULL,'geoapify',1,'2026-04-25 02:36:43','2026-04-25 02:36:43'),(789,45,'Pir Sohawa, Pakistan','La Montana Restaurant','catering.restaurant','restaurant',NULL,NULL,33.7604323,73.0666027,'[\'building\', \'building.catering\', \'catering\', \'catering.restaurant\']',2725,NULL,NULL,NULL,NULL,NULL,'geoapify',1,'2026-04-25 02:36:43','2026-04-25 02:36:43'),(790,45,'Pir Sohawa, Pakistan','Des Pardes','catering.restaurant','restaurant',NULL,NULL,33.7442697,73.0677950,'[\'building\', \'building.catering\', \'catering\', \'catering.restaurant\']',2152,NULL,NULL,NULL,NULL,NULL,'geoapify',1,'2026-04-25 02:36:43','2026-04-25 02:36:43'),(791,45,'Pir Sohawa, Pakistan','Quaidian Hut','catering.restaurant','restaurant',NULL,NULL,33.7442476,73.1330149,'[\'catering\', \'catering.restaurant\']',1867,NULL,NULL,NULL,NULL,NULL,'geoapify',1,'2026-04-25 02:36:43','2026-04-25 02:36:43'),(792,45,'Pir Sohawa, Pakistan','Des Pardes','catering.restaurant','restaurant',NULL,NULL,33.7443150,73.0679530,'[\'catering\', \'catering.restaurant\', \'catering.restaurant.regional\', \'internet_access\', \'internet_access.free\', \'wheelchair\', \'wheelchair.yes\']',862,NULL,NULL,NULL,NULL,NULL,'geoapify',1,'2026-04-25 02:36:43','2026-04-25 02:36:43'),(793,45,'Pir Sohawa, Pakistan','pizzaholic','catering.restaurant','restaurant',NULL,NULL,33.7440674,73.0681815,'[\'catering\', \'catering.restaurant\']',2836,NULL,NULL,NULL,NULL,NULL,'geoapify',1,'2026-04-25 02:36:43','2026-04-25 02:36:43'),(794,45,'Pir Sohawa, Pakistan','Polo Lounge','catering.restaurant','restaurant',NULL,NULL,33.7442729,73.0681815,'[\'catering\', \'catering.restaurant\']',2488,NULL,NULL,NULL,NULL,NULL,'geoapify',1,'2026-04-25 02:36:43','2026-04-25 02:36:43'),(795,45,'Pir Sohawa, Pakistan','Unknown','catering.restaurant','restaurant',NULL,NULL,33.7442873,73.0680303,'[\'building\', \'building.catering\', \'catering\', \'catering.restaurant\']',556,NULL,NULL,NULL,NULL,NULL,'geoapify',1,'2026-04-25 02:36:43','2026-04-25 02:36:43'),(796,45,'Pir Sohawa, Pakistan','Whispering Pines','accommodation.hotel','hotel',NULL,NULL,33.8074814,73.1257480,'[\'accommodation\', \'accommodation.hotel\', \'internet_access\', \'internet_access.free\']',19319,NULL,NULL,NULL,NULL,NULL,'geoapify',1,'2026-04-25 02:36:43','2026-04-25 02:36:43'),(797,45,'Pir Sohawa, Pakistan','Highland Country Club','tourism.attraction','attraction',NULL,NULL,33.8077028,73.1262347,'[\'tourism\', \'tourism.attraction\']',670,NULL,NULL,NULL,NULL,NULL,'geoapify',1,'2026-04-25 02:36:43','2026-04-25 02:36:43'),(798,45,'Pir Sohawa, Pakistan','Daman-e-Koh','tourism.attraction','attraction',NULL,NULL,33.7392849,73.0556102,'[\'tourism\', \'tourism.attraction\']',443,NULL,NULL,NULL,NULL,NULL,'geoapify',1,'2026-04-25 02:36:43','2026-04-25 02:36:43'),(799,45,'Pir Sohawa, Pakistan','Trail 3 hill top','tourism.attraction','attraction',NULL,NULL,33.7485094,73.0793527,'[\'tourism\', \'tourism.attraction\', \'tourism.attraction.viewpoint\']',114,NULL,NULL,NULL,NULL,NULL,'geoapify',1,'2026-04-25 02:36:43','2026-04-25 02:36:43'),(800,45,'Pir Sohawa, Pakistan','Rawal Lake Viewpoint','tourism.attraction','attraction',NULL,NULL,33.7408575,73.0568665,'[\'tourism\', \'tourism.attraction\', \'tourism.attraction.viewpoint\']',238,NULL,NULL,NULL,NULL,NULL,'geoapify',1,'2026-04-25 02:36:43','2026-04-25 02:36:43'),(801,45,'Pir Sohawa, Pakistan','Bruti waterfalls & ponds (do not litter!)','tourism.attraction','attraction',NULL,NULL,33.7742831,73.1139125,'[\'tourism\', \'tourism.attraction\']',428,NULL,NULL,NULL,NULL,NULL,'geoapify',1,'2026-04-25 02:36:43','2026-04-25 02:36:43'),(802,45,'Pir Sohawa, Pakistan','Unknown','tourism.attraction','attraction',NULL,NULL,33.7594054,73.0697534,'[\'tourism\', \'tourism.attraction\', \'tourism.attraction.viewpoint\']',72,NULL,NULL,NULL,NULL,NULL,'geoapify',1,'2026-04-25 02:36:43','2026-04-25 02:36:43'),(803,45,'Pir Sohawa, Pakistan','Unknown','tourism.attraction','attraction',NULL,NULL,33.7450637,73.0822616,'[\'tourism\', \'tourism.attraction\', \'tourism.attraction.viewpoint\']',120,NULL,NULL,NULL,NULL,NULL,'geoapify',1,'2026-04-25 02:36:43','2026-04-25 02:36:43'),(804,45,'Pir Sohawa, Pakistan','Unknown','tourism.attraction','attraction',NULL,NULL,33.7509505,73.0785477,'[\'tourism\', \'tourism.attraction\', \'tourism.attraction.viewpoint\']',713,NULL,NULL,NULL,NULL,NULL,'geoapify',1,'2026-04-25 02:36:43','2026-04-25 02:36:43'),(805,45,'Pir Sohawa, Pakistan','Unknown','tourism.attraction','attraction',NULL,NULL,33.7749370,73.0922305,'[\'tourism\', \'tourism.attraction\', \'tourism.attraction.viewpoint\']',739,NULL,NULL,NULL,NULL,NULL,'geoapify',1,'2026-04-25 02:36:43','2026-04-25 02:36:43'),(806,45,'Pir Sohawa, Pakistan','Unknown','tourism.attraction','attraction',NULL,NULL,33.7732965,73.1217565,'[\'tourism\', \'tourism.attraction\', \'tourism.attraction.viewpoint\']',194,NULL,NULL,NULL,NULL,NULL,'geoapify',1,'2026-04-25 02:36:43','2026-04-25 02:36:43'),(807,46,'Rawalakot, Pakistan','Dhaira Temple Stupa of Budha','tourism.attraction','attraction',NULL,NULL,33.8463123,73.7430739,'[\'tourism\', \'tourism.attraction\']',820,NULL,NULL,NULL,NULL,NULL,'geoapify',1,'2026-04-25 02:36:43','2026-04-25 02:36:43'),(808,47,'Khunjerab Pass, Pakistan','Highest ATM in the world','tourism.attraction','attraction',NULL,NULL,36.8465580,75.4269274,'[\'tourism\', \'tourism.attraction\']',659,NULL,NULL,NULL,NULL,NULL,'geoapify',1,'2026-04-25 02:36:43','2026-04-25 02:36:43'),(809,47,'Khunjerab Pass, Pakistan','Unknown','tourism.attraction','attraction',NULL,NULL,36.8377550,75.3931071,'[\'tourism\', \'tourism.attraction\', \'tourism.attraction.viewpoint\']',90,NULL,NULL,NULL,NULL,NULL,'geoapify',1,'2026-04-25 02:36:43','2026-04-25 02:36:43'),(810,48,'Chitral, Pakistan','Rihan Restaurant (Pitragemyan Hotel)','catering.restaurant','restaurant',NULL,NULL,35.8571529,71.7865922,'[\'catering\', \'catering.restaurant\']',1652,NULL,NULL,NULL,NULL,NULL,'geoapify',1,'2026-04-25 02:36:43','2026-04-25 02:36:43'),(811,48,'Chitral, Pakistan','Chitral Inn','accommodation.hotel','hotel',NULL,NULL,35.8421175,71.7831581,'[\'accommodation\', \'accommodation.hotel\', \'building\', \'building.accommodation\', \'internet_access\', \'internet_access.free\']',8816,NULL,NULL,NULL,NULL,NULL,'geoapify',1,'2026-04-25 02:36:43','2026-04-25 02:36:43'),(812,48,'Chitral, Pakistan','Terichmir','accommodation.hotel','hotel',NULL,NULL,35.8561515,71.7884587,'[\'accommodation\', \'accommodation.hotel\', \'internet_access\']',10983,NULL,NULL,NULL,NULL,NULL,'geoapify',1,'2026-04-25 02:36:43','2026-04-25 02:36:43'),(813,48,'Chitral, Pakistan','Al-Farooq Hotel','accommodation.hotel','hotel',NULL,NULL,35.8556805,71.7872060,'[\'accommodation\', \'accommodation.hotel\', \'internet_access\']',16514,NULL,NULL,NULL,NULL,NULL,'geoapify',1,'2026-04-25 02:36:43','2026-04-25 02:36:43'),(814,48,'Chitral, Pakistan','Chinar Inn','accommodation.hotel','hotel',NULL,NULL,35.8514475,71.7873426,'[\'accommodation\', \'accommodation.hotel\']',15402,NULL,NULL,NULL,NULL,NULL,'geoapify',1,'2026-04-25 02:36:43','2026-04-25 02:36:43'),(815,48,'Chitral, Pakistan','Dreamland hotel','accommodation.hotel','hotel',NULL,NULL,35.8575328,71.7865231,'[\'accommodation\', \'accommodation.hotel\', \'internet_access\']',18281,NULL,NULL,NULL,NULL,NULL,'geoapify',1,'2026-04-25 02:36:43','2026-04-25 02:36:43'),(816,48,'Chitral, Pakistan','Mehta Palace','tourism.attraction','attraction',NULL,NULL,35.8558681,71.7905319,'[\'tourism\', \'tourism.attraction\']',830,NULL,NULL,NULL,NULL,NULL,'geoapify',1,'2026-04-25 02:36:43','2026-04-25 02:36:43'),(817,49,'Kalash Valley, Pakistan','Kalash Continental Hotel','catering.restaurant','restaurant',NULL,NULL,35.6941127,71.6758217,'[\'building\', \'building.catering\', \'catering\', \'catering.restaurant\', \'catering.restaurant.asian\', \'organic\']',1122,NULL,NULL,NULL,NULL,NULL,'geoapify',1,'2026-04-25 02:36:43','2026-04-25 02:36:43'),(818,49,'Kalash Valley, Pakistan','Galaxy Hotel','catering.restaurant','restaurant',NULL,NULL,35.6923631,71.6730001,'[\'building\', \'building.catering\', \'catering\', \'catering.restaurant\', \'halal\', \'organic\']',2423,NULL,NULL,NULL,NULL,NULL,'geoapify',1,'2026-04-25 02:36:43','2026-04-25 02:36:43'),(819,49,'Kalash Valley, Pakistan','Hotel','catering.restaurant','restaurant',NULL,NULL,35.6938473,71.6739251,'[\'building\', \'building.catering\', \'catering\', \'catering.restaurant\', \'halal\', \'vegan\']',1603,NULL,NULL,NULL,NULL,NULL,'geoapify',1,'2026-04-25 02:36:43','2026-04-25 02:36:43'),(820,49,'Kalash Valley, Pakistan','Green Hotel Bumborate','catering.restaurant','restaurant',NULL,NULL,35.6946474,71.6764042,'[\'building\', \'building.catering\', \'catering\', \'catering.restaurant\', \'catering.restaurant.regional\', \'halal\']',2904,NULL,NULL,NULL,NULL,NULL,'geoapify',1,'2026-04-25 02:36:43','2026-04-25 02:36:43'),(821,49,'Kalash Valley, Pakistan','Hotel','catering.restaurant','restaurant',NULL,NULL,35.6914707,71.6710944,'[\'building\', \'building.catering\', \'building.commercial\', \'catering\', \'catering.restaurant\', \'catering.restaurant.regional\', \'halal\']',1630,NULL,NULL,NULL,NULL,NULL,'geoapify',1,'2026-04-25 02:36:43','2026-04-25 02:36:43'),(822,49,'Kalash Valley, Pakistan','Forest Rest House','catering.restaurant','restaurant',NULL,NULL,35.6947174,71.6767912,'[\'building\', \'building.catering\', \'catering\', \'catering.restaurant\', \'catering.restaurant.asian\', \'halal\']',2275,NULL,NULL,NULL,NULL,NULL,'geoapify',1,'2026-04-25 02:36:43','2026-04-25 02:36:43'),(823,49,'Kalash Valley, Pakistan','Peace Hotel','catering.restaurant','restaurant',NULL,NULL,35.6946547,71.6771349,'[\'building\', \'building.catering\', \'catering\', \'catering.restaurant\', \'catering.restaurant.regional\', \'halal\']',2551,NULL,NULL,NULL,NULL,NULL,'geoapify',1,'2026-04-25 02:36:43','2026-04-25 02:36:43'),(824,49,'Kalash Valley, Pakistan','Guest House','catering.restaurant','restaurant',NULL,NULL,35.6951567,71.6781593,'[\'building\', \'building.catering\', \'catering\', \'catering.restaurant\', \'catering.restaurant.regional\', \'halal\']',1201,NULL,NULL,NULL,NULL,NULL,'geoapify',1,'2026-04-25 02:36:43','2026-04-25 02:36:43'),(825,49,'Kalash Valley, Pakistan','Frontier Hotel','catering.restaurant','restaurant',NULL,NULL,35.6968704,71.6812695,'[\'building\', \'building.catering\', \'building.residential\', \'catering\', \'catering.restaurant\', \'catering.restaurant.regional\', \'halal\']',2295,NULL,NULL,NULL,NULL,NULL,'geoapify',1,'2026-04-25 02:36:43','2026-04-25 02:36:43'),(826,49,'Kalash Valley, Pakistan','ISPATIAN HOTEL','catering.restaurant','restaurant',NULL,NULL,35.6970915,71.6811456,'[\'building\', \'building.catering\', \'building.commercial\', \'catering\', \'catering.restaurant\', \'catering.restaurant.regional\', \'halal\']',1535,NULL,NULL,NULL,NULL,NULL,'geoapify',1,'2026-04-25 02:36:43','2026-04-25 02:36:43'),(827,49,'Kalash Valley, Pakistan','Punjab Hotel','catering.restaurant','restaurant',NULL,NULL,35.6972342,71.6825934,'[\'building\', \'building.catering\', \'catering\', \'catering.restaurant\', \'catering.restaurant.regional\', \'halal\']',1886,NULL,NULL,NULL,NULL,NULL,'geoapify',1,'2026-04-25 02:36:43','2026-04-25 02:36:43'),(828,49,'Kalash Valley, Pakistan','Taj Mahal Hotel','catering.restaurant','restaurant',NULL,NULL,35.6978801,71.6833207,'[\'building\', \'building.catering\', \'catering\', \'catering.restaurant\', \'catering.restaurant.regional\']',2689,NULL,NULL,NULL,NULL,NULL,'geoapify',1,'2026-04-25 02:36:43','2026-04-25 02:36:43'),(829,49,'Kalash Valley, Pakistan','hotel','catering.restaurant','restaurant',NULL,NULL,35.6980039,71.6851725,'[\'building\', \'building.catering\', \'building.residential\', \'catering\', \'catering.restaurant\']',871,NULL,NULL,NULL,NULL,NULL,'geoapify',1,'2026-04-25 02:36:43','2026-04-25 02:36:43'),(830,49,'Kalash Valley, Pakistan','Sarai','catering.restaurant','restaurant',NULL,NULL,35.6979868,71.6852909,'[\'building\', \'building.catering\', \'building.residential\', \'catering\', \'catering.restaurant\']',1443,NULL,NULL,NULL,NULL,NULL,'geoapify',1,'2026-04-25 02:36:43','2026-04-25 02:36:43'),(831,49,'Kalash Valley, Pakistan','foreign Tourist Inn','catering.restaurant','restaurant',NULL,NULL,35.6981869,71.6839380,'[\'building\', \'building.catering\', \'building.commercial\', \'catering\', \'catering.restaurant\', \'catering.restaurant.regional\']',2992,NULL,NULL,NULL,NULL,NULL,'geoapify',1,'2026-04-25 02:36:43','2026-04-25 02:36:43'),(832,49,'Kalash Valley, Pakistan','Hotel','catering.restaurant','restaurant',NULL,NULL,35.6994406,71.6841980,'[\'building\', \'building.catering\', \'catering\', \'catering.restaurant\', \'catering.restaurant.regional\', \'halal\']',679,NULL,NULL,NULL,NULL,NULL,'geoapify',1,'2026-04-25 02:36:43','2026-04-25 02:36:43'),(833,49,'Kalash Valley, Pakistan','Alexander Hotel','catering.restaurant','restaurant',NULL,NULL,35.6991807,71.6875215,'[\'building\', \'building.catering\', \'catering\', \'catering.restaurant\']',658,NULL,NULL,NULL,NULL,NULL,'geoapify',1,'2026-04-25 02:36:43','2026-04-25 02:36:43'),(834,49,'Kalash Valley, Pakistan','Zahid Kalash Hotel','catering.restaurant','restaurant',NULL,NULL,35.6992152,71.6893382,'[\'building\', \'building.catering\', \'building.residential\', \'catering\', \'catering.restaurant\']',961,NULL,NULL,NULL,NULL,NULL,'geoapify',1,'2026-04-25 02:36:43','2026-04-25 02:36:43'),(835,49,'Kalash Valley, Pakistan','PTDC Hotel','catering.restaurant','restaurant',NULL,NULL,35.6992145,71.6903709,'[\'building\', \'building.catering\', \'building.residential\', \'catering\', \'catering.restaurant\']',2442,NULL,NULL,NULL,NULL,NULL,'geoapify',1,'2026-04-25 02:36:43','2026-04-25 02:36:43'),(836,49,'Kalash Valley, Pakistan','Benazir Hotel','catering.restaurant','restaurant',NULL,NULL,35.6994115,71.6891229,'[\'building\', \'building.catering\', \'catering\', \'catering.restaurant\']',1789,NULL,NULL,NULL,NULL,NULL,'geoapify',1,'2026-04-25 02:36:43','2026-04-25 02:36:43'),(837,49,'Kalash Valley, Pakistan','Hotel','accommodation.hotel','hotel',NULL,NULL,35.6867795,71.6627364,'[\'accommodation\', \'accommodation.hotel\', \'building\', \'building.accommodation\']',4366,NULL,NULL,NULL,NULL,NULL,'geoapify',1,'2026-04-25 02:36:43','2026-04-25 02:36:43'),(838,49,'Kalash Valley, Pakistan','Sarhad Hotel','accommodation.hotel','hotel',NULL,NULL,35.6866494,71.6627604,'[\'accommodation\', \'accommodation.hotel\', \'building\', \'building.accommodation\']',19696,NULL,NULL,NULL,NULL,NULL,'geoapify',1,'2026-04-25 02:36:43','2026-04-25 02:36:43'),(839,49,'Kalash Valley, Pakistan','Kalash Hotel','accommodation.hotel','hotel',NULL,NULL,35.6865760,71.6629367,'[\'accommodation\', \'accommodation.hotel\', \'building\', \'building.accommodation\']',12741,NULL,NULL,NULL,NULL,NULL,'geoapify',1,'2026-04-25 02:36:43','2026-04-25 02:36:43'),(840,49,'Kalash Valley, Pakistan','Hotel','accommodation.hotel','hotel',NULL,NULL,35.6861572,71.6616015,'[\'accommodation\', \'accommodation.hotel\', \'building\', \'building.accommodation\']',6839,NULL,NULL,NULL,NULL,NULL,'geoapify',1,'2026-04-25 02:36:43','2026-04-25 02:36:43'),(841,49,'Kalash Valley, Pakistan','hotel','accommodation.hotel','hotel',NULL,NULL,35.6856771,71.6605194,'[\'accommodation\', \'accommodation.hotel\', \'building\', \'building.accommodation\']',18975,NULL,NULL,NULL,NULL,NULL,'geoapify',1,'2026-04-25 02:36:43','2026-04-25 02:36:43'),(842,49,'Kalash Valley, Pakistan','hotel','accommodation.hotel','hotel',NULL,NULL,35.6855330,71.6600936,'[\'accommodation\', \'accommodation.hotel\', \'building\', \'building.accommodation\']',19309,NULL,NULL,NULL,NULL,NULL,'geoapify',1,'2026-04-25 02:36:43','2026-04-25 02:36:43'),(843,49,'Kalash Valley, Pakistan','Hotel Karakal','accommodation.hotel','hotel',NULL,NULL,35.6857655,71.6619577,'[\'accommodation\', \'accommodation.hotel\', \'building\', \'building.accommodation\']',7075,NULL,NULL,NULL,NULL,NULL,'geoapify',1,'2026-04-25 02:36:43','2026-04-25 02:36:43'),(844,49,'Kalash Valley, Pakistan','Tanheedabad hotel','accommodation.hotel','hotel',NULL,NULL,35.6855992,71.6617816,'[\'accommodation\', \'accommodation.hotel\', \'building\', \'building.accommodation\']',15557,NULL,NULL,NULL,NULL,NULL,'geoapify',1,'2026-04-25 02:36:43','2026-04-25 02:36:43'),(845,49,'Kalash Valley, Pakistan','Hotel tracking bridge','accommodation.hotel','hotel',NULL,NULL,35.6858060,71.6617287,'[\'accommodation\', \'accommodation.hotel\', \'building\', \'building.accommodation\']',15193,NULL,NULL,NULL,NULL,NULL,'geoapify',1,'2026-04-25 02:36:43','2026-04-25 02:36:43'),(846,49,'Kalash Valley, Pakistan','hotel','accommodation.hotel','hotel',NULL,NULL,35.6837855,71.6551302,'[\'accommodation\', \'accommodation.hotel\', \'building\', \'building.accommodation\']',6630,NULL,NULL,NULL,NULL,NULL,'geoapify',1,'2026-04-25 02:36:43','2026-04-25 02:36:43'),(847,49,'Kalash Valley, Pakistan','PTDC Motel','accommodation.hotel','hotel',NULL,NULL,35.6992136,71.6903595,'[\'accommodation\', \'accommodation.hotel\']',10489,NULL,NULL,NULL,NULL,NULL,'geoapify',1,'2026-04-25 02:36:43','2026-04-25 02:36:43'),(848,49,'Kalash Valley, Pakistan','Alexander Inn','accommodation.hotel','hotel',NULL,NULL,35.6990470,71.6874991,'[\'accommodation\', \'accommodation.hotel\']',16657,NULL,NULL,NULL,NULL,NULL,'geoapify',1,'2026-04-25 02:36:43','2026-04-25 02:36:43'),(849,49,'Kalash Valley, Pakistan','Bamburait valley','tourism.attraction','attraction',NULL,NULL,35.7000720,71.6913570,'[\'tourism\', \'tourism.attraction\']',382,NULL,NULL,NULL,NULL,NULL,'geoapify',1,'2026-04-25 02:36:43','2026-04-25 02:36:43'),(850,50,'Gorakh Hill, Pakistan','Unknown','tourism.attraction','attraction',NULL,NULL,26.8670404,67.1507101,'[\'tourism\', \'tourism.attraction\', \'tourism.attraction.viewpoint\']',632,NULL,NULL,NULL,NULL,NULL,'geoapify',1,'2026-04-25 02:36:43','2026-04-25 02:36:43'),(851,50,'Gorakh Hill, Pakistan','Unknown','tourism.attraction','attraction',NULL,NULL,26.8641830,67.1502082,'[\'tourism\', \'tourism.attraction\', \'tourism.attraction.viewpoint\']',924,NULL,NULL,NULL,NULL,NULL,'geoapify',1,'2026-04-25 02:36:43','2026-04-25 02:36:43'),(852,51,NULL,'Lasani','Restaurant','restaurant',NULL,NULL,32.5839000,71.5370000,NULL,3000,4.9,NULL,NULL,NULL,'Mianwali','admin',1,'2026-04-25 19:35:42','2026-04-25 19:35:42'),(853,51,NULL,'Talha','Hotel','hotel',NULL,NULL,32.5839000,71.5370000,NULL,1500,4.9,NULL,NULL,NULL,'Mianwali','admin',1,'2026-04-25 19:36:02','2026-04-25 19:36:02'),(854,51,NULL,'Chashma','Attraction','attraction',NULL,NULL,32.5839000,71.5370000,NULL,1500,4.9,NULL,NULL,NULL,'Mianwali','admin',1,'2026-04-25 19:36:34','2026-04-25 19:36:34');
/*!40000 ALTER TABLE `places` ENABLE KEYS */;
UNLOCK TABLES;

--
-- Table structure for table `recommendations`
--

DROP TABLE IF EXISTS `recommendations`;
/*!40101 SET @saved_cs_client     = @@character_set_client */;
/*!50503 SET character_set_client = utf8mb4 */;
CREATE TABLE `recommendations` (
  `id` bigint NOT NULL AUTO_INCREMENT,
  `user_id` bigint NOT NULL,
  `destination_id` bigint NOT NULL,
  `recommendation_score` decimal(8,4) NOT NULL,
  `recommendation_reason` text,
  `algorithm_used` varchar(50) DEFAULT NULL,
  `created_at` timestamp NULL DEFAULT CURRENT_TIMESTAMP,
  PRIMARY KEY (`id`),
  KEY `idx_recommendations_user_id` (`user_id`),
  KEY `idx_recommendations_destination_id` (`destination_id`),
  CONSTRAINT `fk_recommendations_destination` FOREIGN KEY (`destination_id`) REFERENCES `destinations` (`id`) ON DELETE CASCADE,
  CONSTRAINT `fk_recommendations_user` FOREIGN KEY (`user_id`) REFERENCES `users` (`id`) ON DELETE CASCADE
) ENGINE=InnoDB AUTO_INCREMENT=58 DEFAULT CHARSET=utf8mb4 COLLATE=utf8mb4_0900_ai_ci;
/*!40101 SET character_set_client = @saved_cs_client */;

--
-- Dumping data for table `recommendations`
--

LOCK TABLES `recommendations` WRITE;
/*!40000 ALTER TABLE `recommendations` DISABLE KEYS */;
INSERT INTO `recommendations` VALUES (1,1,1,1.4761,'rating','content_based','2026-04-25 02:58:29'),(2,1,47,1.4761,'rating','content_based','2026-04-25 02:58:29'),(3,1,5,1.4761,'rating','content_based','2026-04-25 02:58:29'),(4,1,1,1.4761,'rating','content_based','2026-04-25 02:58:29'),(5,1,47,1.4761,'rating','content_based','2026-04-25 02:58:29'),(6,1,5,1.4761,'rating','content_based','2026-04-25 02:58:29'),(7,1,1,1.4761,'rating','content_based','2026-04-25 02:58:37'),(8,1,47,1.4761,'rating','content_based','2026-04-25 02:58:37'),(9,1,5,1.4761,'rating','content_based','2026-04-25 02:58:37'),(10,1,1,1.4761,'rating','content_based','2026-04-25 02:58:37'),(11,1,47,1.4761,'rating','content_based','2026-04-25 02:58:37'),(12,1,5,1.4761,'rating','content_based','2026-04-25 02:58:37'),(13,1,33,3.8281,'rating, style match, category interest','content_based','2026-04-25 04:07:25'),(14,1,5,3.4761,'rating, style match, category interest','content_based','2026-04-25 04:07:25'),(15,1,4,3.3281,'fits budget, rating, style match','content_based','2026-04-25 04:07:25'),(16,1,33,3.8281,'rating, style match, category interest','content_based','2026-04-25 04:07:25'),(17,1,5,3.4761,'rating, style match, category interest','content_based','2026-04-25 04:07:25'),(18,1,4,3.3281,'fits budget, rating, style match','content_based','2026-04-25 04:07:25'),(19,1,33,3.8281,'rating, style match, category interest','content_based','2026-04-25 15:57:55'),(20,1,5,3.4761,'rating, style match, category interest','content_based','2026-04-25 15:57:55'),(21,1,4,3.3281,'fits budget, rating, style match','content_based','2026-04-25 15:57:55'),(22,1,33,3.8281,'rating, style match, category interest','content_based','2026-04-25 15:57:55'),(23,1,5,3.4761,'rating, style match, category interest','content_based','2026-04-25 15:57:55'),(24,1,4,3.3281,'fits budget, rating, style match','content_based','2026-04-25 15:57:55'),(25,1,33,3.8281,'rating, style match, category interest','content_based','2026-04-25 15:59:52'),(26,1,5,3.4761,'rating, style match, category interest','content_based','2026-04-25 15:59:52'),(27,1,4,3.3281,'fits budget, rating, style match','content_based','2026-04-25 15:59:52'),(28,1,33,3.8281,'rating, style match, category interest','content_based','2026-04-25 16:01:12'),(29,1,5,3.4761,'rating, style match, category interest','content_based','2026-04-25 16:01:12'),(30,1,4,3.3281,'fits budget, rating, style match','content_based','2026-04-25 16:01:12'),(31,1,33,3.8281,'rating, style match, category interest','content_based','2026-04-25 16:01:12'),(32,1,5,3.4761,'rating, style match, category interest','content_based','2026-04-25 16:01:12'),(33,1,4,3.3281,'fits budget, rating, style match','content_based','2026-04-25 16:01:12'),(34,1,33,3.8281,'rating, style match, category interest','content_based','2026-04-25 16:11:50'),(35,1,5,3.4761,'rating, style match, category interest','content_based','2026-04-25 16:11:50'),(36,1,4,3.3281,'fits budget, rating, style match','content_based','2026-04-25 16:11:50'),(37,1,33,3.8281,'rating, style match, category interest','content_based','2026-04-25 16:11:50'),(38,1,5,3.4761,'rating, style match, category interest','content_based','2026-04-25 16:11:50'),(39,1,4,3.3281,'fits budget, rating, style match','content_based','2026-04-25 16:11:50'),(40,1,33,3.8281,'rating, style match, category interest','content_based','2026-04-25 16:12:22'),(41,1,5,3.4761,'rating, style match, category interest','content_based','2026-04-25 16:12:22'),(42,1,4,3.3281,'fits budget, rating, style match','content_based','2026-04-25 16:12:22'),(43,1,33,3.8281,'rating, style match, category interest','content_based','2026-04-25 16:12:22'),(44,1,5,3.4761,'rating, style match, category interest','content_based','2026-04-25 16:12:22'),(45,1,4,3.3281,'fits budget, rating, style match','content_based','2026-04-25 16:12:22'),(46,1,36,4.4761,'fits budget, rating, style match','content_based','2026-04-25 16:12:52'),(47,1,25,4.4761,'fits budget, rating, style match','content_based','2026-04-25 16:12:52'),(48,1,49,3.4521,'rating, style match, category interest','content_based','2026-04-25 16:12:52'),(49,1,36,4.4761,'fits budget, rating, style match','content_based','2026-04-25 16:12:52'),(50,1,25,4.4761,'fits budget, rating, style match','content_based','2026-04-25 16:12:52'),(51,1,49,3.4521,'rating, style match, category interest','content_based','2026-04-25 16:12:52'),(52,2,1,1.4761,'rating','content_based','2026-04-25 19:28:55'),(53,2,47,1.4761,'rating','content_based','2026-04-25 19:28:55'),(54,2,5,1.4761,'rating','content_based','2026-04-25 19:28:55'),(55,2,1,1.4761,'rating','content_based','2026-04-25 19:28:55'),(56,2,47,1.4761,'rating','content_based','2026-04-25 19:28:55'),(57,2,5,1.4761,'rating','content_based','2026-04-25 19:28:55');
/*!40000 ALTER TABLE `recommendations` ENABLE KEYS */;
UNLOCK TABLES;

--
-- Table structure for table `reviews`
--

DROP TABLE IF EXISTS `reviews`;
/*!40101 SET @saved_cs_client     = @@character_set_client */;
/*!50503 SET character_set_client = utf8mb4 */;
CREATE TABLE `reviews` (
  `id` bigint NOT NULL AUTO_INCREMENT,
  `user_id` bigint NOT NULL,
  `destination_id` bigint DEFAULT NULL,
  `place_id` bigint DEFAULT NULL,
  `rating` decimal(2,1) NOT NULL,
  `review_text` text,
  `created_at` timestamp NULL DEFAULT CURRENT_TIMESTAMP,
  PRIMARY KEY (`id`),
  KEY `fk_reviews_user` (`user_id`),
  KEY `idx_reviews_destination_id` (`destination_id`),
  KEY `idx_reviews_place_id` (`place_id`),
  CONSTRAINT `fk_reviews_destination` FOREIGN KEY (`destination_id`) REFERENCES `destinations` (`id`) ON DELETE CASCADE,
  CONSTRAINT `fk_reviews_place` FOREIGN KEY (`place_id`) REFERENCES `places` (`id`) ON DELETE CASCADE,
  CONSTRAINT `fk_reviews_user` FOREIGN KEY (`user_id`) REFERENCES `users` (`id`) ON DELETE CASCADE,
  CONSTRAINT `chk_review_rating` CHECK ((`rating` between 1 and 5)),
  CONSTRAINT `chk_review_target` CHECK ((((`destination_id` is not null) and (`place_id` is null)) or ((`destination_id` is null) and (`place_id` is not null))))
) ENGINE=InnoDB DEFAULT CHARSET=utf8mb4 COLLATE=utf8mb4_0900_ai_ci;
/*!40101 SET character_set_client = @saved_cs_client */;

--
-- Dumping data for table `reviews`
--

LOCK TABLES `reviews` WRITE;
/*!40000 ALTER TABLE `reviews` DISABLE KEYS */;
/*!40000 ALTER TABLE `reviews` ENABLE KEYS */;
UNLOCK TABLES;

--
-- Table structure for table `search_queries`
--

DROP TABLE IF EXISTS `search_queries`;
/*!40101 SET @saved_cs_client     = @@character_set_client */;
/*!50503 SET character_set_client = utf8mb4 */;
CREATE TABLE `search_queries` (
  `id` bigint NOT NULL AUTO_INCREMENT,
  `user_id` bigint DEFAULT NULL,
  `raw_query` text NOT NULL,
  `extracted_intent` varchar(100) DEFAULT NULL,
  `destination_name` varchar(150) DEFAULT NULL,
  `extracted_budget_pkr` int DEFAULT NULL,
  `extracted_duration_days` int DEFAULT NULL,
  `extracted_travel_style` varchar(50) DEFAULT NULL,
  `extracted_entities` json DEFAULT NULL,
  `processed_at` timestamp NULL DEFAULT CURRENT_TIMESTAMP,
  PRIMARY KEY (`id`),
  KEY `idx_search_queries_user_id` (`user_id`),
  CONSTRAINT `fk_search_queries_user` FOREIGN KEY (`user_id`) REFERENCES `users` (`id`) ON DELETE SET NULL
) ENGINE=InnoDB DEFAULT CHARSET=utf8mb4 COLLATE=utf8mb4_0900_ai_ci;
/*!40101 SET character_set_client = @saved_cs_client */;

--
-- Dumping data for table `search_queries`
--

LOCK TABLES `search_queries` WRITE;
/*!40000 ALTER TABLE `search_queries` DISABLE KEYS */;
/*!40000 ALTER TABLE `search_queries` ENABLE KEYS */;
UNLOCK TABLES;

--
-- Table structure for table `trip_cost_breakdown`
--

DROP TABLE IF EXISTS `trip_cost_breakdown`;
/*!40101 SET @saved_cs_client     = @@character_set_client */;
/*!50503 SET character_set_client = utf8mb4 */;
CREATE TABLE `trip_cost_breakdown` (
  `id` bigint NOT NULL AUTO_INCREMENT,
  `trip_id` bigint NOT NULL,
  `transport_cost_pkr` int DEFAULT '0',
  `accommodation_cost_pkr` int DEFAULT '0',
  `food_cost_pkr` int DEFAULT '0',
  `activities_cost_pkr` int DEFAULT '0',
  `miscellaneous_cost_pkr` int DEFAULT '0',
  `total_estimated_cost_pkr` int DEFAULT '0',
  `last_updated` timestamp NULL DEFAULT CURRENT_TIMESTAMP ON UPDATE CURRENT_TIMESTAMP,
  PRIMARY KEY (`id`),
  UNIQUE KEY `trip_id` (`trip_id`),
  CONSTRAINT `fk_trip_cost_trip` FOREIGN KEY (`trip_id`) REFERENCES `trips` (`id`) ON DELETE CASCADE
) ENGINE=InnoDB AUTO_INCREMENT=3 DEFAULT CHARSET=utf8mb4 COLLATE=utf8mb4_0900_ai_ci;
/*!40101 SET character_set_client = @saved_cs_client */;

--
-- Dumping data for table `trip_cost_breakdown`
--

LOCK TABLES `trip_cost_breakdown` WRITE;
/*!40000 ALTER TABLE `trip_cost_breakdown` DISABLE KEYS */;
INSERT INTO `trip_cost_breakdown` VALUES (1,1,2000,14660,1721,0,0,18381,'2026-04-25 03:05:56'),(2,2,2000,5734,1721,0,0,9455,'2026-04-25 03:09:47');
/*!40000 ALTER TABLE `trip_cost_breakdown` ENABLE KEYS */;
UNLOCK TABLES;

--
-- Table structure for table `trips`
--

DROP TABLE IF EXISTS `trips`;
/*!40101 SET @saved_cs_client     = @@character_set_client */;
/*!50503 SET character_set_client = utf8mb4 */;
CREATE TABLE `trips` (
  `id` bigint NOT NULL AUTO_INCREMENT,
  `user_id` bigint NOT NULL,
  `destination_id` bigint DEFAULT NULL,
  `title` varchar(200) NOT NULL,
  `description` text,
  `start_date` date DEFAULT NULL,
  `end_date` date DEFAULT NULL,
  `duration_days` int DEFAULT NULL,
  `total_budget_pkr` int DEFAULT NULL,
  `estimated_cost_pkr` int DEFAULT NULL,
  `actual_cost_pkr` int DEFAULT NULL,
  `trip_status` varchar(20) DEFAULT 'planned',
  `created_at` timestamp NULL DEFAULT CURRENT_TIMESTAMP,
  `updated_at` timestamp NULL DEFAULT CURRENT_TIMESTAMP ON UPDATE CURRENT_TIMESTAMP,
  PRIMARY KEY (`id`),
  KEY `fk_trips_destination` (`destination_id`),
  KEY `idx_trips_user_id` (`user_id`),
  CONSTRAINT `fk_trips_destination` FOREIGN KEY (`destination_id`) REFERENCES `destinations` (`id`) ON DELETE SET NULL,
  CONSTRAINT `fk_trips_user` FOREIGN KEY (`user_id`) REFERENCES `users` (`id`) ON DELETE CASCADE,
  CONSTRAINT `chk_trip_status` CHECK ((`trip_status` in (_utf8mb4'planned',_utf8mb4'ongoing',_utf8mb4'completed',_utf8mb4'cancelled')))
) ENGINE=InnoDB AUTO_INCREMENT=3 DEFAULT CHARSET=utf8mb4 COLLATE=utf8mb4_0900_ai_ci;
/*!40101 SET character_set_client = @saved_cs_client */;

--
-- Dumping data for table `trips`
--

LOCK TABLES `trips` WRITE;
/*!40000 ALTER TABLE `trips` DISABLE KEYS */;
INSERT INTO `trips` VALUES (1,1,4,'Trip: Kaghan Valley',NULL,NULL,NULL,1,20000,18381,NULL,'planned','2026-04-25 03:05:56','2026-04-25 03:05:56'),(2,1,4,'Trip: Kaghan Valley',NULL,NULL,NULL,1,20000,9455,NULL,'planned','2026-04-25 03:09:47','2026-04-25 03:09:47');
/*!40000 ALTER TABLE `trips` ENABLE KEYS */;
UNLOCK TABLES;

--
-- Table structure for table `user_activity`
--

DROP TABLE IF EXISTS `user_activity`;
/*!40101 SET @saved_cs_client     = @@character_set_client */;
/*!50503 SET character_set_client = utf8mb4 */;
CREATE TABLE `user_activity` (
  `id` bigint NOT NULL AUTO_INCREMENT,
  `user_id` bigint NOT NULL,
  `activity_type` varchar(50) NOT NULL,
  `entity_type` varchar(50) DEFAULT NULL,
  `entity_id` bigint DEFAULT NULL,
  `metadata` json DEFAULT NULL,
  `created_at` timestamp NULL DEFAULT CURRENT_TIMESTAMP,
  PRIMARY KEY (`id`),
  KEY `idx_user_activity_user_id` (`user_id`),
  CONSTRAINT `fk_user_activity_user` FOREIGN KEY (`user_id`) REFERENCES `users` (`id`) ON DELETE CASCADE
) ENGINE=InnoDB AUTO_INCREMENT=3 DEFAULT CHARSET=utf8mb4 COLLATE=utf8mb4_0900_ai_ci;
/*!40101 SET character_set_client = @saved_cs_client */;

--
-- Dumping data for table `user_activity`
--

LOCK TABLES `user_activity` WRITE;
/*!40000 ALTER TABLE `user_activity` DISABLE KEYS */;
INSERT INTO `user_activity` VALUES (1,1,'trip_planned','trip',1,'{\"destination\": \"Kaghan Valley\"}','2026-04-25 03:05:56'),(2,1,'trip_planned','trip',2,'{\"destination\": \"Kaghan Valley\"}','2026-04-25 03:09:47');
/*!40000 ALTER TABLE `user_activity` ENABLE KEYS */;
UNLOCK TABLES;

--
-- Table structure for table `user_profiles`
--

DROP TABLE IF EXISTS `user_profiles`;
/*!40101 SET @saved_cs_client     = @@character_set_client */;
/*!50503 SET character_set_client = utf8mb4 */;
CREATE TABLE `user_profiles` (
  `id` bigint NOT NULL AUTO_INCREMENT,
  `user_id` bigint NOT NULL,
  `preferred_travel_style` varchar(50) DEFAULT NULL,
  `budget_range` varchar(20) DEFAULT NULL,
  `preferred_regions` text,
  `preferred_categories` text,
  `typical_trip_duration_days` int DEFAULT NULL,
  `preferred_currency` varchar(10) DEFAULT 'PKR',
  `created_at` timestamp NULL DEFAULT CURRENT_TIMESTAMP,
  `updated_at` timestamp NULL DEFAULT CURRENT_TIMESTAMP ON UPDATE CURRENT_TIMESTAMP,
  PRIMARY KEY (`id`),
  UNIQUE KEY `user_id` (`user_id`),
  CONSTRAINT `fk_user_profiles_user` FOREIGN KEY (`user_id`) REFERENCES `users` (`id`) ON DELETE CASCADE
) ENGINE=InnoDB AUTO_INCREMENT=2 DEFAULT CHARSET=utf8mb4 COLLATE=utf8mb4_0900_ai_ci;
/*!40101 SET character_set_client = @saved_cs_client */;

--
-- Dumping data for table `user_profiles`
--

LOCK TABLES `user_profiles` WRITE;
/*!40000 ALTER TABLE `user_profiles` DISABLE KEYS */;
INSERT INTO `user_profiles` VALUES (1,1,'beach','economy','Pakistan','beach, lake',1,'PKR','2026-04-25 02:58:28','2026-04-25 16:13:06');
/*!40000 ALTER TABLE `user_profiles` ENABLE KEYS */;
UNLOCK TABLES;

--
-- Table structure for table `users`
--

DROP TABLE IF EXISTS `users`;
/*!40101 SET @saved_cs_client     = @@character_set_client */;
/*!50503 SET character_set_client = utf8mb4 */;
CREATE TABLE `users` (
  `id` bigint NOT NULL AUTO_INCREMENT,
  `full_name` varchar(150) NOT NULL,
  `email` varchar(255) NOT NULL,
  `password_hash` varchar(255) DEFAULT NULL,
  `auth_provider` varchar(20) NOT NULL DEFAULT 'email',
  `profile_picture_url` text,
  `is_active` tinyint(1) NOT NULL DEFAULT '1',
  `created_at` timestamp NULL DEFAULT CURRENT_TIMESTAMP,
  `updated_at` timestamp NULL DEFAULT CURRENT_TIMESTAMP ON UPDATE CURRENT_TIMESTAMP,
  `role` varchar(20) DEFAULT 'user',
  PRIMARY KEY (`id`),
  UNIQUE KEY `email` (`email`),
  CONSTRAINT `chk_auth_provider` CHECK ((`auth_provider` in (_utf8mb4'email',_utf8mb4'google')))
) ENGINE=InnoDB AUTO_INCREMENT=3 DEFAULT CHARSET=utf8mb4 COLLATE=utf8mb4_0900_ai_ci;
/*!40101 SET character_set_client = @saved_cs_client */;

--
-- Dumping data for table `users`
--

LOCK TABLES `users` WRITE;
/*!40000 ALTER TABLE `users` DISABLE KEYS */;
INSERT INTO `users` VALUES (1,'Mujahid Niaz','mujahid.niaz@gmail.com','scrypt:32768:8:1$HcS4YFSlBn6AJQXO$aa89f6d38bea16c924497c265d9bdc8ab3aeefdc2f3b05ffa4f3661e5d2730237c5a0edf783b60f5ac85c2a60f84f68778dc91114aeb6f5a1e22aed7500f28ad','email',NULL,1,'2026-04-25 02:58:28','2026-04-25 02:58:28','user'),(2,'Admin User','admin@gmail.com','scrypt:32768:8:1$HcS4YFSlBn6AJQXO$aa89f6d38bea16c924497c265d9bdc8ab3aeefdc2f3b05ffa4f3661e5d2730237c5a0edf783b60f5ac85c2a60f84f68778dc91114aeb6f5a1e22aed7500f28ad','email',NULL,1,'2026-04-25 02:58:28','2026-04-25 02:58:28','admin');
/*!40000 ALTER TABLE `users` ENABLE KEYS */;
UNLOCK TABLES;

--
-- Table structure for table `weather_forecasts`
--

DROP TABLE IF EXISTS `weather_forecasts`;
/*!40101 SET @saved_cs_client     = @@character_set_client */;
/*!50503 SET character_set_client = utf8mb4 */;
CREATE TABLE `weather_forecasts` (
  `id` bigint NOT NULL AUTO_INCREMENT,
  `destination_id` bigint NOT NULL,
  `forecast_date` date NOT NULL,
  `temperature_min` decimal(5,2) DEFAULT NULL,
  `temperature_max` decimal(5,2) DEFAULT NULL,
  `weather_condition` varchar(100) DEFAULT NULL,
  `humidity` int DEFAULT NULL,
  `wind_speed` decimal(5,2) DEFAULT NULL,
  `precipitation_probability` decimal(5,2) DEFAULT NULL,
  `created_at` timestamp NULL DEFAULT CURRENT_TIMESTAMP,
  PRIMARY KEY (`id`),
  UNIQUE KEY `uk_destination_forecast` (`destination_id`,`forecast_date`),
  KEY `idx_weather_destination_date` (`destination_id`,`forecast_date`),
  CONSTRAINT `fk_weather_destination` FOREIGN KEY (`destination_id`) REFERENCES `destinations` (`id`) ON DELETE CASCADE
) ENGINE=InnoDB DEFAULT CHARSET=utf8mb4 COLLATE=utf8mb4_0900_ai_ci;
/*!40101 SET character_set_client = @saved_cs_client */;

--
-- Dumping data for table `weather_forecasts`
--

LOCK TABLES `weather_forecasts` WRITE;
/*!40000 ALTER TABLE `weather_forecasts` DISABLE KEYS */;
/*!40000 ALTER TABLE `weather_forecasts` ENABLE KEYS */;
UNLOCK TABLES;
/*!40103 SET TIME_ZONE=@OLD_TIME_ZONE */;

/*!40101 SET SQL_MODE=@OLD_SQL_MODE */;
/*!40014 SET FOREIGN_KEY_CHECKS=@OLD_FOREIGN_KEY_CHECKS */;
/*!40014 SET UNIQUE_CHECKS=@OLD_UNIQUE_CHECKS */;
/*!40101 SET CHARACTER_SET_CLIENT=@OLD_CHARACTER_SET_CLIENT */;
/*!40101 SET CHARACTER_SET_RESULTS=@OLD_CHARACTER_SET_RESULTS */;
/*!40101 SET COLLATION_CONNECTION=@OLD_COLLATION_CONNECTION */;
/*!40111 SET SQL_NOTES=@OLD_SQL_NOTES */;

-- Dump completed on 2026-04-25 21:49:54
